date_date,orders_id,products_id,turnover,qty
2021-04-01,825407,117037,28.48,2
2021-04-01,825408,29372,1.92,2
2021-04-01,825408,70512,15.74,1
2021-04-01,825408,119246,12.07,1
2021-04-01,825408,121709,7.79,1
2021-04-01,825409,6516,5.53,2
2021-04-01,825409,6613,1.87,1
2021-04-01,825409,10336,7.01,1
2021-04-01,825409,15229,11.22,2
2021-04-01,825409,80108,3.65,1
2021-04-01,825409,88694,2.94,1
2021-04-01,825409,102344,3.51,1
2021-04-01,825409,103656,2.1,2
2021-04-01,825409,105901,5.57,1
2021-04-01,825409,107856,5.26,1
2021-04-01,825409,110004,7.09,3
2021-04-01,825409,111193,12.97,1
2021-04-01,825409,111558,5.32,1
2021-04-01,825409,113954,3.11,1
2021-04-01,825409,116807,3.16,2
2021-04-01,825409,119986,6.96,2
2021-04-01,825409,120704,16.38,1
2021-04-01,825410,27665,15.35,1
2021-04-01,825410,29819,59.8,3
2021-04-01,825410,79282,29.41,1
2021-04-01,825411,102485,19.7,1
2021-04-01,825411,121827,29.92,2
2021-04-01,825412,47161,8.54,1
2021-04-01,825412,69124,3.12,1
2021-04-01,825412,77771,3.25,1
2021-04-01,825412,81092,3.42,1
2021-04-01,825412,86047,3.62,1
2021-04-01,825412,90958,8.74,1
2021-04-01,825413,6473,3.18,1
2021-04-01,825413,6477,3.18,1
2021-04-01,825413,12799,6.32,2
2021-04-01,825413,12802,6.01,2
2021-04-01,825413,42993,5.04,4
2021-04-01,825413,42994,5.04,4
2021-04-01,825413,69756,5.31,4
2021-04-01,825413,70142,6.11,2
2021-04-01,825413,71056,5.57,4
2021-04-01,825413,73635,3.59,2
2021-04-01,825413,82927,5.31,4
2021-04-01,825413,101270,5.7,4
2021-04-01,825413,101279,5.7,4
2021-04-01,825413,101282,5.13,4
2021-04-01,825413,101782,5.43,4
2021-04-01,825413,101783,5.31,4
2021-04-01,825413,114933,3.4,1
2021-04-01,825413,120257,5.14,4
2021-04-01,825413,120263,5.42,5
2021-04-01,825414,1960,3.56,1
2021-04-01,825414,12648,8.04,1
2021-04-01,825414,83102,4.03,1
2021-04-01,825414,119897,27.49,2
2021-04-01,825415,14281,59.75,1
2021-04-01,825415,81811,18.92,1
2021-04-01,825416,28535,6.0,1
2021-04-01,825416,28536,6.2,1
2021-04-01,825416,43944,83.5,6
2021-04-01,825416,47380,18.32,8
2021-04-01,825416,68321,4.26,2
2021-04-01,825416,70293,6.0,1
2021-04-01,825416,81128,5.5,2
2021-04-01,825416,84660,2.31,1
2021-04-01,825416,86986,10.53,4
2021-04-01,825416,86989,10.5,5
2021-04-01,825416,90006,7.71,1
2021-04-01,825416,90723,10.37,1
2021-04-01,825416,96952,8.85,4
2021-04-01,825416,103458,6.79,1
2021-04-01,825416,110084,9.12,6
2021-04-01,825416,110953,9.44,4
2021-04-01,825416,112077,15.36,5
2021-04-01,825416,122145,2.49,1
2021-04-01,825416,122734,4.7,1
2021-04-01,825416,122735,2.31,1
2021-04-01,825417,116670,4.22,1
2021-04-01,825418,46955,8.9,1
2021-04-01,825418,47376,2.56,1
2021-04-01,825418,75342,10.43,1
2021-04-01,825418,81647,12.59,1
2021-04-01,825418,84029,3.47,1
2021-04-01,825418,85873,2.56,1
2021-04-01,825418,86523,1.7,1
2021-04-01,825418,87858,3.31,1
2021-04-01,825418,88216,7.71,1
2021-04-01,825418,103875,2.42,1
2021-04-01,825418,104454,3.34,1
2021-04-01,825419,19752,2.64,1
2021-04-01,825419,26277,3.98,1
2021-04-01,825419,42198,4.18,1
2021-04-01,825419,80048,3.43,1
2021-04-01,825419,85838,2.37,1
2021-04-01,825419,99312,1.39,1
2021-04-01,825419,103873,2.61,1
2021-04-01,825419,110568,1.98,1
2021-04-01,825419,111014,3.23,1
2021-04-01,825419,116181,3.67,2
2021-04-01,825419,117221,1.21,1
2021-04-01,825419,118891,2.69,1
2021-04-01,825419,121460,1.84,2
2021-04-01,825419,122091,2.5,1
2021-04-01,825419,122403,3.25,1
2021-04-01,825420,2339,5.07,1
2021-04-01,825420,79735,3.49,1
2021-04-01,825420,85734,5.07,1
2021-04-01,825420,88981,22.76,1
2021-04-01,825420,109212,5.69,1
2021-04-01,825420,117784,6.54,1
2021-04-01,825420,120088,50.14,1
2021-04-01,825420,121111,13.04,1
2021-04-01,825421,47527,13.93,1
2021-04-01,825421,110719,3.95,1
2021-04-01,825421,110860,9.19,3
2021-04-01,825421,120781,9.21,2
2021-04-01,825422,79107,9.88,3
2021-04-01,825423,4243,6.18,2
2021-04-01,825423,4261,9.1,3
2021-04-01,825423,14024,2.58,1
2021-04-01,825423,17133,5.07,3
2021-04-01,825423,17139,4.7,3
2021-04-01,825423,20021,3.71,1
2021-04-01,825423,20949,3.62,2
2021-04-01,825423,43241,11.73,4
2021-04-01,825423,47010,2.56,1
2021-04-01,825423,68791,2.82,1
2021-04-01,825423,71083,3.86,1
2021-04-01,825423,80030,2.38,1
2021-04-01,825423,80046,2.64,1
2021-04-01,825423,80412,1.05,1
2021-04-01,825423,82754,10.28,1
2021-04-01,825423,83083,4.91,3
2021-04-01,825423,86787,1.87,1
2021-04-01,825423,86793,3.05,1
2021-04-01,825423,103865,3.2,1
2021-04-01,825423,106725,11.26,4
2021-04-01,825423,107931,4.29,1
2021-04-01,825423,117593,2.84,2
2021-04-01,825423,117601,2.84,2
2021-04-01,825423,118206,7.14,3
2021-04-01,825423,118915,3.1,1
2021-04-01,825423,119256,2.09,1
2021-04-01,825423,120473,16.47,4
2021-04-01,825423,121475,0.86,1
2021-04-01,825423,122254,3.81,1
2021-04-01,825424,8871,8.09,1
2021-04-01,825424,70241,5.66,1
2021-04-01,825424,76035,12.53,4
2021-04-01,825424,76584,1.83,1
2021-04-01,825424,77253,3.24,2
2021-04-01,825424,77426,3.51,1
2021-04-01,825424,78069,9.94,1
2021-04-01,825424,107070,7.93,1
2021-04-01,825424,109309,9.2,1
2021-04-01,825424,120390,4.06,1
2021-04-01,825425,45663,17.38,1
2021-04-01,825425,78759,9.14,2
2021-04-01,825425,79485,20.1,2
2021-04-01,825425,98698,9.5,1
2021-04-01,825426,2791,2.98,1
2021-04-01,825426,77708,2.55,1
2021-04-01,825426,90788,2.63,1
2021-04-01,825426,103829,18.29,1
2021-04-01,825426,109176,4.95,1
2021-04-01,825426,110383,15.96,5
2021-04-01,825426,116159,16.47,1
2021-04-01,825427,5061,2.04,1
2021-04-01,825427,26147,2.05,1
2021-04-01,825427,29762,12.79,2
2021-04-01,825427,44451,3.95,1
2021-04-01,825427,44459,7.91,2
2021-04-01,825427,44465,3.4,1
2021-04-01,825427,44469,3.63,1
2021-04-01,825427,45058,18.75,2
2021-04-01,825427,68232,12.94,2
2021-04-01,825427,70558,14.6,1
2021-04-01,825427,76570,3.88,2
2021-04-01,825427,77545,1.54,1
2021-04-01,825427,77666,7.0,1
2021-04-01,825427,78855,20.01,6
2021-04-01,825427,79355,19.74,3
2021-04-01,825427,80040,3.43,1
2021-04-01,825427,80043,3.81,1
2021-04-01,825427,80297,4.45,1
2021-04-01,825427,80578,14.39,1
2021-04-01,825427,84574,2.26,1
2021-04-01,825427,84575,2.55,1
2021-04-01,825427,87318,21.35,2
2021-04-01,825427,88216,23.12,3
2021-04-01,825427,90004,10.39,1
2021-04-01,825427,93037,4.67,1
2021-04-01,825427,93039,8.63,2
2021-04-01,825427,95731,2.36,1
2021-04-01,825427,98865,15.82,2
2021-04-01,825427,100248,30.07,4
2021-04-01,825427,100323,3.43,1
2021-04-01,825427,102563,2.04,1
2021-04-01,825427,102576,2.04,1
2021-04-01,825427,102592,2.9,1
2021-04-01,825427,102598,3.14,1
2021-04-01,825427,109275,14.96,6
2021-04-01,825427,109993,9.0,1
2021-04-01,825427,117949,8.37,2
2021-04-01,825427,118566,2.63,1
2021-04-01,825427,119280,14.71,4
2021-04-01,825427,120010,7.24,1
2021-04-01,825427,120825,11.12,1
2021-04-01,825427,122374,6.77,1
2021-04-01,825427,122788,3.96,1
2021-04-01,825428,16240,4.83,1
2021-04-01,825428,26446,2.32,1
2021-04-01,825428,29320,5.92,1
2021-04-01,825428,86316,3.74,1
2021-04-01,825428,86523,1.7,1
2021-04-01,825428,105301,4.57,1
2021-04-01,825428,110689,1.85,1
2021-04-01,825428,114876,3.78,2
2021-04-01,825428,121928,6.65,3
2021-04-01,825429,17609,10.54,1
2021-04-01,825429,47867,21.5,1
2021-04-01,825429,70187,3.86,1
2021-04-01,825429,85839,4.83,2
2021-04-01,825429,109830,1.71,1
2021-04-01,825429,109833,1.71,1
2021-04-01,825429,111965,2.67,1
2021-04-01,825429,112194,2.12,1
2021-04-01,825430,79405,200.53,12
2021-04-01,825432,5608,3.64,1
2021-04-01,825432,9516,2.79,1
2021-04-01,825432,12639,6.45,2
2021-04-01,825432,20053,6.65,2
2021-04-01,825432,26727,3.84,1
2021-04-01,825432,48632,3.79,1
2021-04-01,825432,71744,1.95,1
2021-04-01,825432,72669,12.32,2
2021-04-01,825432,78401,7.38,1
2021-04-01,825432,78804,1.78,1
2021-04-01,825432,79780,2.91,1
2021-04-01,825432,92613,4.04,1
2021-04-01,825432,100323,2.91,1
2021-04-01,825432,100564,13.93,4
2021-04-01,825433,71898,8.13,3
2021-04-01,825433,81082,2.32,1
2021-04-01,825433,81094,3.58,1
2021-04-01,825433,81139,4.02,1
2021-04-01,825433,86781,77.87,11
2021-04-01,825433,111664,12.3,2
2021-04-01,825434,4335,4.48,1
2021-04-01,825434,4338,4.67,1
2021-04-01,825434,4339,4.43,1
2021-04-01,825434,4340,4.48,1
2021-04-01,825434,8698,6.3,2
2021-04-01,825434,11067,2.38,1
2021-04-01,825434,11069,4.71,2
2021-04-01,825434,41030,5.67,2
2021-04-01,825434,41979,2.83,1
2021-04-01,825434,41981,2.99,1
2021-04-01,825434,41991,3.28,1
2021-04-01,825434,44824,1.99,1
2021-04-01,825434,44825,2.44,1
2021-04-01,825434,46900,4.18,2
2021-04-01,825434,46903,5.97,3
2021-04-01,825434,69322,6.87,2
2021-04-01,825434,79426,3.36,1
2021-04-01,825434,79430,4.42,2
2021-04-01,825434,99037,4.72,2
2021-04-01,825435,90476,28.11,3
2021-04-01,825435,92140,4.49,1
2021-04-01,825435,92143,4.75,1
2021-04-01,825435,101105,67.16,2
2021-04-01,825435,110515,4.61,2
2021-04-01,825435,119286,9.07,3
2021-04-01,825436,5710,23.75,8
2021-04-01,825436,12917,3.65,1
2021-04-01,825436,21616,5.48,1
2021-04-01,825436,80578,14.39,1
2021-04-01,825436,83646,8.53,3
2021-04-01,825436,89930,21.18,5
2021-04-01,825436,104595,4.18,1
2021-04-01,825437,8675,9.49,1
2021-04-01,825437,15634,4.99,1
2021-04-01,825437,28590,6.52,1
2021-04-01,825437,46955,8.9,1
2021-04-01,825437,47867,21.5,1
2021-04-01,825437,72080,5.94,1
2021-04-01,825437,76609,3.34,1
2021-04-01,825437,88520,8.18,4
2021-04-01,825437,91260,11.92,1
2021-04-01,825437,115758,3.13,3
2021-04-01,825438,103246,8.0,1
2021-04-01,825438,110282,6.06,1
2021-04-01,825438,110849,9.62,1
2021-04-01,825438,116771,4.85,1
2021-04-01,825438,118351,5.41,1
2021-04-01,825438,122325,5.62,1
2021-04-01,825438,122595,8.0,1
2021-04-01,825440,5860,20.59,10
2021-04-01,825440,9482,2.9,1
2021-04-01,825440,9546,3.09,1
2021-04-01,825440,21520,24.17,10
2021-04-01,825440,81501,14.8,2
2021-04-01,825440,82206,15.69,10
2021-04-01,825440,87231,14.78,10
2021-04-01,825440,93990,1.81,1
2021-04-01,825440,121549,2.44,1
2021-04-01,825440,121595,1.55,1
2021-04-01,825441,103826,104.64,8
2021-04-01,825442,100396,5.23,3
2021-04-01,825442,110398,32.27,15
2021-04-01,825443,89564,1.98,1
2021-04-01,825443,89578,2.25,1
2021-04-01,825443,102946,10.99,1
2021-04-01,825443,109628,9.42,1
2021-04-01,825443,120566,2.6,1
2021-04-01,825443,120568,2.6,1
2021-04-01,825443,121669,2.31,1
2021-04-01,825443,121674,1.77,1
2021-04-01,825443,121676,2.48,1
2021-04-01,825444,5537,5.07,2
2021-04-01,825444,8857,3.53,1
2021-04-01,825444,11992,0.32,1
2021-04-01,825444,24076,6.07,1
2021-04-01,825444,42190,2.76,1
2021-04-01,825444,42198,3.55,1
2021-04-01,825444,46913,6.33,1
2021-04-01,825444,47514,6.31,1
2021-04-01,825444,71402,3.94,1
2021-04-01,825444,71414,4.68,1
2021-04-01,825444,71760,2.89,1
2021-04-01,825444,71775,6.55,1
2021-04-01,825444,71840,2.92,1
2021-04-01,825444,71841,2.92,1
2021-04-01,825444,81173,5.04,2
2021-04-01,825444,81178,5.29,2
2021-04-01,825444,81191,5.29,2
2021-04-01,825444,86416,9.57,5
2021-04-01,825444,86470,7.4,5
2021-04-01,825444,114513,3.18,1
2021-04-01,825444,114962,34.82,1
2021-04-01,825444,120515,2.55,1
2021-04-01,825444,120516,2.65,1
2021-04-01,825445,9698,4.69,1
2021-04-01,825445,17632,3.27,1
2021-04-01,825445,46988,6.01,1
2021-04-01,825445,46989,6.09,1
2021-04-01,825445,49972,1.65,1
2021-04-01,825445,49975,3.3,2
2021-04-01,825445,71412,7.44,1
2021-04-01,825445,76035,3.13,1
2021-04-01,825445,76469,2.44,1
2021-04-01,825445,79818,6.38,1
2021-04-01,825445,88420,8.15,1
2021-04-01,825445,110070,5.62,1
2021-04-01,825445,115750,1.91,2
2021-04-01,825445,115758,2.09,2
2021-04-01,825445,116250,15.07,1
2021-04-01,825445,117076,8.14,1
2021-04-01,825445,120390,4.06,1
2021-04-01,825446,27891,18.29,1
2021-04-01,825446,110727,10.25,1
2021-04-01,825447,113411,6.76,1
2021-04-01,825447,122562,7.34,1
2021-04-01,825448,5714,10.55,2
2021-04-01,825448,9616,2.47,1
2021-04-01,825448,70377,7.69,4
2021-04-01,825448,80785,1.49,1
2021-04-01,825448,84031,25.33,1
2021-04-01,825448,109531,2.83,1
2021-04-01,825448,109565,14.23,3
2021-04-01,825448,118540,14.62,6
2021-04-01,825448,122139,4.21,1
2021-04-01,825448,122146,3.01,1
2021-04-01,825449,76413,1.76,1
2021-04-01,825449,77176,20.12,1
2021-04-01,825449,87231,1.48,1
2021-04-01,825449,90909,1.74,1
2021-04-01,825449,104595,4.18,1
2021-04-01,825449,119446,5.02,1
2021-04-01,825450,7360,1.74,1
2021-04-01,825450,7362,11.21,1
2021-04-01,825450,30314,14.88,2
2021-04-01,825450,44522,8.46,1
2021-04-01,825450,105174,2.34,1
2021-04-01,825451,5772,3.67,1
2021-04-01,825451,10529,1.85,1
2021-04-01,825451,10572,3.81,1
2021-04-01,825451,19790,3.51,4
2021-04-01,825451,19838,6.78,1
2021-04-01,825451,30607,5.11,1
2021-04-01,825451,43810,4.43,1
2021-04-01,825451,46758,7.44,2
2021-04-01,825451,48180,8.12,3
2021-04-01,825451,76035,3.13,1
2021-04-01,825451,76046,15.36,2
2021-04-01,825451,78431,2.93,1
2021-04-01,825451,87242,5.24,1
2021-04-01,825451,87636,4.51,1
2021-04-01,825451,89633,1.96,1
2021-04-01,825451,109309,9.2,1
2021-04-01,825451,109310,6.27,1
2021-04-01,825451,121538,2.71,1
2021-04-01,825451,122484,5.77,1
2021-04-01,825452,103589,76.75,7
2021-04-01,825454,11085,32.42,5
2021-04-01,825455,103588,43.42,4
2021-04-01,825456,79969,35.24,1
2021-04-01,825457,1685,1.22,1
2021-04-01,825457,76665,5.58,1
2021-04-01,825457,111007,6.21,1
2021-04-01,825457,120383,25.64,2
2021-04-01,825457,121067,5.72,1
2021-04-01,825458,5606,14.13,4
2021-04-01,825458,68868,17.4,4
2021-04-01,825458,77246,21.27,4
2021-04-01,825458,80539,8.82,1
2021-04-01,825458,80569,14.88,2
2021-04-01,825458,83625,10.82,3
2021-04-01,825458,83629,11.32,2
2021-04-01,825458,102188,2.83,1
2021-04-01,825458,104316,5.57,2
2021-04-01,825459,3222,3.23,1
2021-04-01,825459,5522,3.86,1
2021-04-01,825459,13349,2.25,1
2021-04-01,825459,28897,1.98,1
2021-04-01,825459,71190,1.86,1
2021-04-01,825459,80402,4.16,1
2021-04-01,825459,81234,3.36,1
2021-04-01,825459,83805,5.08,1
2021-04-01,825459,86523,1.59,1
2021-04-01,825459,86524,1.06,1
2021-04-01,825459,86808,6.35,1
2021-04-01,825459,90868,11.02,1
2021-04-01,825459,92899,8.25,1
2021-04-01,825459,93049,15.68,1
2021-04-01,825459,100038,11.39,1
2021-04-01,825459,102773,8.07,1
2021-04-01,825459,110573,1.92,1
2021-04-01,825459,112194,4.23,2
2021-04-01,825459,115698,8.04,1
2021-04-01,825459,120625,12.25,2
2021-04-01,825459,121070,5.72,1
2021-04-01,825459,122484,5.77,1
2021-04-01,825460,79969,35.24,1
2021-04-01,825462,2792,7.68,1
2021-04-01,825462,5037,2.72,1
2021-04-01,825462,5051,2.72,1
2021-04-01,825462,26098,1.62,1
2021-04-01,825462,76046,7.68,1
2021-04-01,825462,76466,3.77,1
2021-04-01,825462,83002,1.74,1
2021-04-01,825462,84167,2.3,1
2021-04-01,825462,104139,6.52,1
2021-04-01,825462,106710,2.54,1
2021-04-01,825462,106782,3.26,1
2021-04-01,825462,109177,2.04,1
2021-04-01,825462,109308,8.17,1
2021-04-01,825462,109312,2.68,1
2021-04-01,825462,120590,6.79,2
2021-04-01,825462,120594,6.79,2
2021-04-01,825462,120596,6.25,2
2021-04-01,825463,73221,21.83,1
2021-04-01,825463,76592,3.61,1
2021-04-01,825463,86018,6.14,1
2021-04-01,825463,91357,4.55,1
2021-04-01,825463,96417,5.95,1
2021-04-01,825463,101012,11.38,1
2021-04-01,825463,101300,33.08,2
2021-04-01,825463,104916,1.53,1
2021-04-01,825463,104928,7.38,1
2021-04-01,825463,110083,1.92,1
2021-04-01,825463,113391,1.95,1
2021-04-01,825463,116449,3.41,1
2021-04-01,825463,118242,16.54,1
2021-04-01,825464,1636,2.75,1
2021-04-01,825464,3426,6.82,1
2021-04-01,825464,7256,1.56,1
2021-04-01,825464,11003,4.49,1
2021-04-01,825464,48639,3.67,1
2021-04-01,825464,48641,1.58,1
2021-04-01,825464,71275,5.77,1
2021-04-01,825464,73245,1.44,1
2021-04-01,825464,73259,2.22,1
2021-04-01,825464,87034,22.46,1
2021-04-01,825464,87553,2.69,2
2021-04-01,825464,91496,8.05,1
2021-04-01,825464,104363,5.69,1
2021-04-01,825464,104376,11.07,1
2021-04-01,825464,120759,11.99,1
2021-04-01,825465,1281,4.14,1
2021-04-01,825465,28590,6.52,1
2021-04-01,825465,79669,6.16,2
2021-04-01,825465,86524,1.21,1
2021-04-01,825465,86611,8.0,1
2021-04-01,825465,109582,3.54,1
2021-04-01,825465,118224,4.27,1
2021-04-01,825465,120781,4.61,1
2021-04-01,825465,121980,4.68,1
2021-04-01,825465,122549,8.0,1
2021-04-01,825465,122552,8.0,1
2021-04-01,825466,121068,10.77,1
2021-04-01,825466,121591,20.19,3
2021-04-01,825467,41994,3.14,1
2021-04-01,825467,42002,3.2,1
2021-04-01,825467,46925,3.14,1
2021-04-01,825467,48476,7.98,2
2021-04-01,825467,70402,7.98,2
2021-04-01,825467,70512,15.74,1
2021-04-01,825467,86119,3.14,1
2021-04-01,825467,102190,5.92,2
2021-04-01,825467,103454,3.97,1
2021-04-01,825467,103456,4.28,1
2021-04-01,825467,103590,86.83,8
2021-04-01,825467,111154,6.87,1
2021-04-01,825467,119119,5.13,1
2021-04-01,825467,120261,5.92,2
2021-04-01,825468,44718,2.32,1
2021-04-01,825468,46914,8.99,1
2021-04-01,825468,76035,3.13,1
2021-04-01,825468,76421,18.81,3
2021-04-01,825468,78409,2.93,1
2021-04-01,825468,78412,2.93,1
2021-04-01,825468,81173,5.93,2
2021-04-01,825468,81178,6.22,2
2021-04-01,825468,81190,3.11,1
2021-04-01,825468,81191,3.11,1
2021-04-01,825468,81198,3.11,1
2021-04-01,825468,81200,3.11,1
2021-04-01,825468,86852,3.42,1
2021-04-01,825468,87242,10.48,2
2021-04-01,825468,89633,1.96,1
2021-04-01,825468,90848,16.72,2
2021-04-01,825468,90903,13.87,1
2021-04-01,825468,90931,1.81,1
2021-04-01,825469,26652,50.59,4
2021-04-01,825469,101317,25.34,3
2021-04-01,825470,45874,5.37,2
2021-04-01,825470,46039,3.28,1
2021-04-01,825470,47386,2.76,1
2021-04-01,825470,47389,2.76,1
2021-04-01,825470,68342,1.93,1
2021-04-01,825470,69225,8.53,2
2021-04-01,825470,69226,7.41,2
2021-04-01,825470,69338,2.44,1
2021-04-01,825470,71903,3.12,1
2021-04-01,825470,71904,2.35,1
2021-04-01,825470,76595,2.86,1
2021-04-01,825470,77492,3.23,1
2021-04-01,825470,77860,1.64,1
2021-04-01,825470,79107,3.33,1
2021-04-01,825470,80412,2.13,2
2021-04-01,825470,80673,3.44,1
2021-04-01,825470,83083,1.66,1
2021-04-01,825470,84167,4.59,2
2021-04-01,825470,86980,2.53,1
2021-04-01,825470,90008,3.66,1
2021-04-01,825470,90637,2.32,1
2021-04-01,825470,109572,5.7,1
2021-04-01,825470,111608,8.22,6
2021-04-01,825470,117783,1.69,1
2021-04-01,825471,103589,130.25,12
2021-04-01,825472,1279,2.81,1
2021-04-01,825472,26310,3.72,1
2021-04-01,825472,68364,3.35,2
2021-04-01,825472,76636,3.59,1
2021-04-01,825472,77319,11.89,1
2021-04-01,825472,77411,1.46,1
2021-04-01,825472,81835,4.6,1
2021-04-01,825472,87429,3.48,1
2021-04-01,825472,90675,2.46,1
2021-04-01,825472,96001,2.36,1
2021-04-01,825472,96002,2.4,1
2021-04-01,825472,96067,6.39,1
2021-04-01,825472,107211,2.03,1
2021-04-01,825472,108855,4.13,1
2021-04-01,825472,109540,1.45,1
2021-04-01,825472,110566,1.83,1
2021-04-01,825472,111061,2.76,1
2021-04-01,825472,111090,2.75,1
2021-04-01,825472,116883,2.39,1
2021-04-01,825472,116885,2.39,1
2021-04-01,825472,116888,4.04,2
2021-04-01,825472,117159,2.12,1
2021-04-01,825472,120194,7.9,1
2021-04-01,825472,120196,7.9,1
2021-04-01,825473,43810,8.86,2
2021-04-01,825473,102305,98.23,6
2021-04-01,825474,5694,2.21,1
2021-04-01,825474,8695,2.19,1
2021-04-01,825474,44138,3.19,1
2021-04-01,825474,78859,2.72,1
2021-04-01,825474,82005,1.85,1
2021-04-01,825474,85065,6.01,1
2021-04-01,825474,86413,2.51,1
2021-04-01,825474,105861,2.38,1
2021-04-01,825474,106884,2.88,2
2021-04-01,825474,107928,4.36,1
2021-04-01,825474,113871,6.18,1
2021-04-01,825474,113910,3.58,1
2021-04-01,825474,118888,3.86,1
2021-04-01,825474,121067,5.72,1
2021-04-01,825475,5028,2.04,1
2021-04-01,825475,5031,2.04,1
2021-04-01,825475,5036,2.04,1
2021-04-01,825475,5055,2.04,1
2021-04-01,825475,102576,2.04,1
2021-04-01,825475,102629,2.04,1
2021-04-01,825475,102649,2.04,1
2021-04-01,825475,109177,2.04,1
2021-04-01,825475,111260,78.16,1
2021-04-01,825476,3375,2.97,1
2021-04-01,825476,4290,4.1,1
2021-04-01,825476,4298,2.73,1
2021-04-01,825476,4363,5.29,2
2021-04-01,825476,4905,3.68,2
2021-04-01,825476,5680,2.61,1
2021-04-01,825476,6876,2.83,1
2021-04-01,825476,6877,5.65,2
2021-04-01,825476,11065,2.44,1
2021-04-01,825476,11071,2.61,1
2021-04-01,825476,17065,3.88,2
2021-04-01,825476,17066,4.3,2
2021-04-01,825476,17067,3.88,2
2021-04-01,825476,17812,5.08,2
2021-04-01,825476,41991,6.57,2
2021-04-01,825476,43945,49.12,3
2021-04-01,825476,44827,4.2,2
2021-04-01,825476,44828,3.72,2
2021-04-01,825476,46896,5.39,1
2021-04-01,825476,68509,2.48,1
2021-04-01,825476,68512,4.73,2
2021-04-01,825476,70425,2.39,1
2021-04-01,825476,70426,2.47,1
2021-04-01,825476,70428,4.94,2
2021-04-01,825476,70429,4.56,2
2021-04-01,825476,79427,4.42,2
2021-04-01,825476,79885,2.49,1
2021-04-01,825476,99038,2.57,1
2021-04-01,825476,102938,16.54,1
2021-04-01,825476,108087,2.48,2
2021-04-01,825476,108091,2.53,2
2021-04-01,825476,117644,3.48,1
2021-04-01,825476,118278,4.38,2
2021-04-01,825476,118281,1.98,1
2021-04-01,825476,120252,2.67,1
2021-04-01,825476,120255,2.2,1
2021-04-01,825477,103592,54.82,5
2021-04-01,825478,13368,4.81,2
2021-04-01,825478,28591,12.14,1
2021-04-01,825478,86787,1.9,1
2021-04-01,825480,81503,2.93,1
2021-04-01,825480,90964,13.46,1
2021-04-01,825480,121578,19.37,3
2021-04-01,825481,24103,19.61,1
2021-04-01,825481,85785,10.28,1
2021-04-01,825481,110676,18.24,1
2021-04-01,825481,113552,12.4,1
2021-04-01,825482,26349,1.58,1
2021-04-01,825482,44715,5.61,1
2021-04-01,825482,68206,9.86,2
2021-04-01,825482,74382,3.9,1
2021-04-01,825482,80550,10.45,1
2021-04-01,825482,80570,7.52,1
2021-04-01,825482,95063,10.0,2
2021-04-01,825482,100819,7.64,2
2021-04-01,825482,100820,3.42,1
2021-04-01,825482,106806,6.73,1
2021-04-01,825483,10565,9.62,1
2021-04-01,825483,24074,16.22,1
2021-04-01,825483,83771,2.82,1
2021-04-01,825483,89622,29.91,2
2021-04-01,825483,90904,44.09,2
2021-04-01,825483,93047,9.74,2
2021-04-01,825483,103096,2.32,1
2021-04-01,825483,114912,7.27,1
2021-04-01,825483,114913,7.27,1
2021-04-01,825483,121599,10.08,1
2021-04-01,825483,121600,10.08,1
2021-04-01,825483,127004,3.71,1
2021-04-01,825484,49972,1.65,1
2021-04-01,825484,77670,8.56,2
2021-04-01,825484,88216,7.71,1
2021-04-01,825485,42695,2.52,1
2021-04-01,825485,69321,2.6,1
2021-04-01,825485,82005,1.85,1
2021-04-01,825485,100258,4.19,2
2021-04-01,825485,100819,11.46,3
2021-04-01,825486,30314,7.44,1
2021-04-01,825486,43336,5.56,1
2021-04-01,825486,44129,4.87,2
2021-04-01,825486,45880,9.46,1
2021-04-01,825486,48609,8.27,2
2021-04-01,825486,71718,6.74,1
2021-04-01,825486,78498,13.93,1
2021-04-01,825486,87281,3.12,1
2021-04-01,825486,103820,2.13,1
2021-04-01,825486,109308,8.17,1
2021-04-01,825486,109311,9.28,1
2021-04-01,825486,109312,2.68,1
2021-04-01,825486,112078,1.24,1
2021-04-01,825487,44764,2.55,1
2021-04-01,825487,99263,3.98,1
2021-04-01,825487,102767,7.09,1
2021-04-01,825487,110724,2.57,1
2021-04-01,825488,20053,7.82,2
2021-04-01,825488,73245,1.44,1
2021-04-01,825488,73926,3.85,2
2021-04-01,825488,76046,7.68,1
2021-04-01,825488,79503,20.91,1
2021-04-01,825488,100240,1.23,1
2021-04-01,825488,108708,19.79,1
2021-04-01,825488,111007,6.21,1
2021-04-01,825489,47569,3.67,1
2021-04-01,825489,69224,3.08,1
2021-04-01,825489,99321,2.57,1
2021-04-01,825489,99322,2.69,1
2021-04-01,825489,111177,10.19,1
2021-04-01,825489,111190,12.78,1
2021-04-01,825489,113866,3.3,1
2021-04-01,825489,113867,4.31,1
2021-04-01,825489,113870,4.78,1
2021-04-01,825489,118485,3.34,1
2021-04-01,825489,124762,7.64,1
2021-04-01,825490,101489,6.39,3
2021-04-01,825490,101534,7.07,3
2021-04-01,825490,103595,86.83,8
2021-04-01,825491,42807,5.11,1
2021-04-01,825491,48283,1.67,1
2021-04-01,825491,72814,3.22,1
2021-04-01,825491,76471,2.44,1
2021-04-01,825491,76657,3.03,1
2021-04-01,825491,76875,5.29,1
2021-04-01,825491,103866,2.56,1
2021-04-01,825491,105354,1.73,1
2021-04-01,825491,112625,5.7,1
2021-04-01,825491,118226,2.64,1
2021-04-01,825491,118231,2.28,1
2021-04-01,825491,120956,2.64,1
2021-04-01,825491,121902,7.69,1
2021-04-01,825492,20711,11.21,1
2021-04-01,825492,45663,17.38,1
2021-04-01,825492,69900,14.66,1
2021-04-01,825492,69906,12.89,1
2021-04-01,825492,82081,8.24,1
2021-04-01,825492,88762,13.42,1
2021-04-01,825492,109086,13.41,1
2021-04-01,825492,112413,28.68,2
2021-04-01,825492,120692,7.27,1
2021-04-01,825492,120693,7.27,1
2021-04-01,825492,120694,7.27,1
2021-04-01,825492,120927,9.29,1
2021-04-01,825492,120937,11.72,1
2021-04-01,825493,19321,31.21,7
2021-04-01,825493,69195,4.27,1
2021-04-01,825493,69238,10.78,2
2021-04-01,825493,107652,19.86,5
2021-04-01,825493,118484,29.54,6
2021-04-01,825494,77419,3.28,1
2021-04-01,825494,81235,18.76,3
2021-04-01,825494,90937,24.0,2
2021-04-01,825494,90993,25.99,2
2021-04-01,825495,5696,3.36,1
2021-04-01,825495,45952,4.84,1
2021-04-01,825495,69578,3.57,1
2021-04-01,825495,74392,13.82,3
2021-04-01,825495,82368,2.48,1
2021-04-01,825495,83600,4.82,1
2021-04-01,825495,114277,6.96,2
2021-04-01,825495,114929,4.29,1
2021-04-01,825496,2191,1.12,1
2021-04-01,825496,44117,1.52,1
2021-04-01,825496,44611,12.07,3
2021-04-01,825496,76342,9.3,1
2021-04-01,825496,109579,55.87,3
2021-04-01,825497,80539,8.82,1
2021-04-01,825497,103583,57.97,8
2021-04-01,825497,103590,10.96,1
2021-04-01,825497,118930,8.0,1
2021-04-01,825499,46953,25.04,2
2021-04-01,825499,71397,8.53,2
2021-04-01,825500,19277,4.55,1
2021-04-01,825500,46337,5.64,2
2021-04-01,825500,68515,5.99,2
2021-04-01,825500,76212,5.25,2
2021-04-01,825500,76568,9.4,4
2021-04-01,825500,76581,7.7,4
2021-04-01,825500,76584,3.65,2
2021-04-01,825500,76603,2.59,1
2021-04-01,825500,76648,16.83,1
2021-04-01,825500,87169,10.6,1
2021-04-01,825500,90639,11.8,1
2021-04-01,825500,90937,12.0,1
2021-04-01,825500,90966,11.41,1
2021-04-01,825500,90993,12.99,1
2021-04-01,825500,113871,6.18,1
2021-04-01,825500,116191,2.42,1
2021-04-01,825500,120539,8.27,2
2021-04-01,825500,122072,18.84,1
2021-04-01,825501,80539,8.82,1
2021-04-01,825501,103583,57.97,8
2021-04-01,825501,103590,10.96,1
2021-04-01,825501,118930,8.0,1
2021-04-01,825502,5872,45.87,2
2021-04-01,825503,69311,7.65,3
2021-04-01,825503,79164,9.18,2
2021-04-01,825503,81054,2.68,1
2021-04-01,825503,81082,2.32,1
2021-04-01,825503,81089,3.3,1
2021-04-01,825503,81092,6.85,2
2021-04-01,825503,81094,3.58,1
2021-04-01,825503,81109,5.55,2
2021-04-01,825503,81114,3.87,1
2021-04-01,825503,82367,2.48,1
2021-04-01,825503,86788,1.9,1
2021-04-01,825503,102781,4.88,1
2021-04-01,825503,104316,2.78,1
2021-04-01,825503,116668,10.91,1
2021-04-01,825504,42241,6.25,2
2021-04-01,825504,42243,3.37,1
2021-04-01,825504,103692,8.0,1
2021-04-01,825504,108004,9.62,1
2021-04-01,825504,113960,2.13,1
2021-04-01,825505,5028,2.04,1
2021-04-01,825505,5029,2.04,1
2021-04-01,825505,5047,2.04,1
2021-04-01,825505,5055,2.04,1
2021-04-01,825505,5070,2.04,1
2021-04-01,825505,5466,2.5,1
2021-04-01,825505,10565,28.86,3
2021-04-01,825505,71068,22.93,1
2021-04-01,825505,100464,39.94,2
2021-04-01,825505,102576,2.04,1
2021-04-01,825505,102649,2.04,1
2021-04-01,825505,109177,2.04,1
2021-04-01,825506,82082,9.08,1
2021-04-01,825506,110685,21.1,1
2021-04-01,825506,117525,3.24,1
2021-04-01,825506,119887,25.74,1
2021-04-01,825506,121302,7.86,1
2021-04-01,825507,9493,3.87,1
2021-04-01,825507,71420,36.74,10
2021-04-01,825507,77484,11.89,1
2021-04-01,825507,81504,2.95,4
2021-04-01,825507,84672,5.56,2
2021-04-01,825507,86815,6.9,1
2021-04-01,825507,88268,3.36,3
2021-04-01,825507,113093,1.83,1
2021-04-01,825507,121549,4.87,2
2021-04-01,825508,49972,1.65,1
2021-04-01,825508,50478,2.27,1
2021-04-01,825508,58753,3.23,1
2021-04-01,825508,68303,4.23,1
2021-04-01,825508,89582,2.48,1
2021-04-01,825508,102576,2.04,1
2021-04-01,825508,104623,3.88,1
2021-04-01,825508,110566,3.65,2
2021-04-01,825508,112194,4.23,2
2021-04-01,825508,112248,4.36,1
2021-04-01,825508,117113,2.43,1
2021-04-01,825509,45479,2.92,1
2021-04-01,825509,46955,8.9,1
2021-04-01,825509,73259,13.2,6
2021-04-01,825509,75837,18.51,1
2021-04-01,825509,92676,3.88,1
2021-04-01,825509,100443,8.81,1
2021-04-01,825509,102951,14.81,1
2021-04-01,825509,103709,2.23,1
2021-04-01,825509,113292,14.06,1
2021-04-01,825509,121729,9.3,1
2021-04-01,825510,27593,7.3,1
2021-04-01,825510,44996,10.43,1
2021-04-01,825510,78448,3.23,1
2021-04-01,825510,96083,9.53,1
2021-04-01,825510,113746,8.89,1
2021-04-01,825511,86863,12.09,1
2021-04-01,825512,5070,2.04,1
2021-04-01,825512,77823,21.34,1
2021-04-01,825512,109177,2.04,1
2021-04-01,825512,111750,7.7,1
2021-04-01,825513,69321,15.61,6
2021-04-01,825513,78856,34.33,10
2021-04-01,825513,111556,5.49,1
2021-04-01,825514,19297,11.69,2
2021-04-01,825514,120379,31.4,1
2021-04-01,825515,81427,7.8,1
2021-04-01,825515,87800,3.2,1
2021-04-01,825515,94645,5.11,1
2021-04-01,825515,109565,4.74,1
2021-04-01,825515,110579,12.44,1
2021-04-01,825516,5490,2.5,1
2021-04-01,825516,5640,1.28,1
2021-04-01,825516,17188,6.27,1
2021-04-01,825516,47527,13.93,1
2021-04-01,825516,47691,2.3,2
2021-04-01,825516,70804,13.95,1
2021-04-01,825516,72818,2.06,1
2021-04-01,825516,76046,7.68,1
2021-04-01,825516,76421,6.27,1
2021-04-01,825516,78426,9.11,1
2021-04-01,825516,80634,30.05,6
2021-04-01,825516,86340,12.78,2
2021-04-01,825516,86531,1.03,1
2021-04-01,825516,88189,1.82,1
2021-04-01,825516,109310,6.27,1
2021-04-01,825516,109312,2.68,1
2021-04-01,825516,110572,1.21,1
2021-04-01,825516,111797,8.27,1
2021-04-01,825516,115750,1.91,2
2021-04-01,825516,115755,0.96,1
2021-04-01,825516,115757,1.11,1
2021-04-01,825516,115761,1.11,1
2021-04-01,825516,116181,11.02,6
2021-04-01,825516,120797,5.22,6
2021-04-01,825516,121709,7.79,1
2021-04-01,825516,121822,8.16,4
2021-04-01,825516,122081,1.69,1
2021-04-01,825517,11425,5.81,1
2021-04-01,825517,41994,21.95,7
2021-04-01,825517,42002,22.43,7
2021-04-01,825517,46925,18.81,6
2021-04-01,825517,48478,1.28,1
2021-04-01,825517,86119,9.41,3
2021-04-01,825517,99040,24.52,7
2021-04-01,825517,112095,3.47,1
2021-04-01,825517,112122,61.61,10
2021-04-01,825517,112123,61.61,10
2021-04-01,825517,113278,4.73,1
2021-04-01,825517,119119,25.63,5
2021-04-01,825517,119120,25.63,5
2021-04-01,825518,81194,3.11,1
2021-04-01,825518,81199,5.93,2
2021-04-01,825518,81661,3.9,1
2021-04-01,825518,99351,3.09,2
2021-04-01,825518,102607,11.99,2
2021-04-01,825518,102614,4.93,1
2021-04-01,825518,113233,14.61,1
2021-04-01,825519,3429,6.52,1
2021-04-01,825519,30465,6.39,2
2021-04-01,825519,69296,4.05,2
2021-04-01,825519,73951,5.51,3
2021-04-01,825519,76373,2.16,1
2021-04-01,825519,82368,2.48,1
2021-04-01,825519,109310,12.54,2
2021-04-01,825519,110934,6.92,1
2021-04-01,825520,108966,3.72,1
2021-04-01,825520,111934,40.27,2
2021-04-01,825521,5466,2.5,1
2021-04-01,825521,5640,1.28,1
2021-04-01,825521,5869,2.56,1
2021-04-01,825521,13348,1.94,1
2021-04-01,825521,26351,1.74,1
2021-04-01,825521,41099,4.33,1
2021-04-01,825521,42241,3.12,1
2021-04-01,825521,43241,2.98,1
2021-04-01,825521,60625,1.44,1
2021-04-01,825521,71898,5.42,2
2021-04-01,825521,71989,1.86,1
2021-04-01,825521,77225,3.76,1
2021-04-01,825521,77229,2.16,1
2021-04-01,825521,77864,1.15,1
2021-04-01,825521,80781,3.92,1
2021-04-01,825521,80785,1.49,1
2021-04-01,825521,93026,3.24,1
2021-04-01,825521,102758,9.63,1
2021-04-01,825521,107211,2.03,1
2021-04-01,825521,107214,2.03,1
2021-04-01,825521,107307,4.92,1
2021-04-01,825521,109308,8.17,1
2021-04-01,825521,109309,9.2,1
2021-04-01,825521,110759,10.35,1
2021-04-01,825521,110865,4.07,1
2021-04-01,825521,110959,1.35,1
2021-04-01,825521,113830,3.6,1
2021-04-01,825521,113930,2.28,1
2021-04-01,825521,113994,3.75,1
2021-04-01,825521,118231,2.28,1
2021-04-01,825521,122803,3.53,1
2021-04-01,825522,30357,5.86,1
2021-04-01,825522,30624,100.32,8
2021-04-01,825522,83605,4.4,1
2021-04-01,825522,91630,11.91,1
2021-04-01,825522,114268,5.51,1
2021-04-01,825523,5517,4.18,1
2021-04-01,825523,10525,3.72,1
2021-04-01,825523,21026,3.05,1
2021-04-01,825523,42229,4.18,1
2021-04-01,825523,45874,2.68,1
2021-04-01,825523,47314,2.93,1
2021-04-01,825523,68296,2.09,1
2021-04-01,825523,69454,3.92,1
2021-04-01,825523,69469,4.25,1
2021-04-01,825523,71149,1.85,1
2021-04-01,825523,73580,3.08,1
2021-04-01,825523,77545,3.08,2
2021-04-01,825523,77860,1.64,1
2021-04-01,825523,77863,1.17,1
2021-04-01,825523,77864,1.15,1
2021-04-01,825523,77927,1.15,1
2021-04-01,825523,77931,2.33,2
2021-04-01,825523,80277,3.02,1
2021-04-01,825523,85857,3.05,1
2021-04-01,825523,103709,2.23,1
2021-04-01,825523,104313,1.6,1
2021-04-01,825523,106680,2.71,1
2021-04-01,825523,110959,2.69,2
2021-04-01,825523,111062,26.98,1
2021-04-01,825523,111090,2.75,1
2021-04-01,825523,112816,2.73,1
2021-04-01,825523,117785,1.76,1
2021-04-01,825524,21523,3.09,1
2021-04-01,825524,28590,6.52,1
2021-04-01,825524,46979,6.63,1
2021-04-01,825524,77622,3.04,1
2021-04-01,825524,88216,7.71,1
2021-04-01,825525,16384,11.24,1
2021-04-01,825525,80484,2.8,1
2021-04-01,825525,86584,6.1,1
2021-04-01,825525,99412,2.22,1
2021-04-01,825525,109565,4.74,1
2021-04-01,825526,76981,5.89,2
2021-04-01,825526,76987,3.01,1
2021-04-01,825526,86531,1.03,1
2021-04-01,825526,121068,10.77,1
2021-04-01,825527,10070,6.32,2
2021-04-01,825527,76418,1.49,1
2021-04-01,825527,110579,24.88,2
2021-04-01,825528,11998,8.33,3
2021-04-01,825528,30314,7.44,1
2021-04-01,825528,74454,3.86,1
2021-04-01,825528,76466,3.77,1
2021-04-01,825528,80549,7.44,1
2021-04-01,825528,109308,8.17,1
2021-04-01,825528,109310,6.27,1
2021-04-01,825528,109312,2.68,1
2021-04-01,825528,110566,1.83,1
2021-04-01,825528,113096,3.82,1
2021-04-01,825528,117218,3.24,1
2021-04-01,825528,122665,4.92,1
2021-04-01,825529,103589,21.93,2
2021-04-01,825529,103590,43.42,4
2021-04-01,825530,7363,9.58,1
2021-04-01,825530,7854,7.61,1
2021-04-01,825530,113178,8.0,1
2021-04-01,825530,122514,6.51,1
2021-04-01,825531,9526,14.96,1
2021-04-01,825531,28717,4.26,1
2021-04-01,825531,90844,8.82,1
2021-04-01,825531,109198,3.38,1
2021-04-01,825531,112446,3.24,1
2021-04-01,825531,112447,2.92,1
2021-04-01,825532,103589,43.42,4
2021-04-01,825532,122027,8.71,1
2021-04-01,825532,122028,16.14,1
2021-04-01,825533,44694,6.41,2
2021-04-01,825533,71402,13.92,3
2021-04-01,825533,77182,1.13,1
2021-04-01,825533,77183,1.13,1
2021-04-01,825533,77533,1.16,1
2021-04-01,825533,77917,1.15,1
2021-04-01,825533,77927,1.15,1
2021-04-01,825533,87412,1.88,1
2021-04-01,825533,110575,1.89,1
2021-04-01,825533,112822,9.54,4
2021-04-01,825533,113093,1.83,1
2021-04-01,825533,121868,21.43,3
2021-04-01,825533,121869,41.55,2
2021-04-01,825534,99227,104.54,2
2021-04-01,825535,3536,5.99,1
2021-04-01,825535,116770,4.66,1
2021-04-01,825535,121725,5.3,1
2021-04-01,825535,122614,7.08,3
2021-04-01,825536,2046,4.76,1
2021-04-01,825536,101115,15.9,1
2021-04-01,825536,116191,4.83,2
2021-04-01,825537,71842,4.35,1
2021-04-01,825537,71844,6.13,1
2021-04-01,825537,79263,3.05,1
2021-04-01,825537,102898,4.52,1
2021-04-01,825537,103589,86.83,8
2021-04-01,825537,107307,4.92,1
2021-04-01,825538,6047,45.16,4
2021-04-01,825538,74881,17.09,2
2021-04-01,825538,76421,6.27,1
2021-04-01,825538,76585,17.31,1
2021-04-01,825538,83064,28.04,2
2021-04-01,825538,106758,11.02,2
2021-04-01,825538,108292,14.92,1
2021-04-01,825539,1636,2.75,1
2021-04-01,825539,2798,4.05,1
2021-04-01,825539,46961,3.79,1
2021-04-01,825539,70027,4.84,1
2021-04-01,825539,72813,3.21,1
2021-04-01,825539,72815,3.23,1
2021-04-01,825539,102770,4.24,1
2021-04-01,825539,113920,2.93,1
2021-04-01,825540,70201,13.04,2
2021-04-01,825540,70292,14.74,2
2021-04-01,825540,78856,3.43,1
2021-04-01,825540,82408,8.92,2
2021-04-01,825540,86111,6.76,2
2021-04-01,825540,90006,18.14,2
2021-04-01,825540,112855,7.58,6
2021-04-01,825540,120454,4.74,2
2021-04-01,825541,104876,10.49,1
2021-04-01,825541,110337,115.94,16
2021-04-01,825542,44943,5.03,1
2021-04-01,825542,72852,9.33,2
2021-04-01,825542,87072,7.34,1
2021-04-01,825542,117858,9.42,1
2021-04-01,825542,117859,10.62,1
2021-04-01,825542,121070,5.72,1
2021-04-01,825543,3445,6.34,1
2021-04-01,825543,6207,12.58,1
2021-04-01,825543,46113,2.0,1
2021-04-01,825543,46123,1.81,1
2021-04-01,825543,46124,15.72,7
2021-04-01,825544,5528,10.12,2
2021-04-01,825544,5640,1.28,1
2021-04-01,825544,12927,7.26,1
2021-04-01,825544,26351,1.74,1
2021-04-01,825544,47578,8.75,3
2021-04-01,825544,71149,1.85,1
2021-04-01,825544,77862,1.15,1
2021-04-01,825544,77917,1.15,1
2021-04-01,825544,78366,2.58,1
2021-04-01,825544,104623,3.88,1
2021-04-01,825544,110037,3.36,1
2021-04-01,825544,114243,11.67,1
2021-04-01,825544,118425,2.59,1
2021-04-01,825545,5615,2.9,2
2021-04-01,825545,19408,11.41,2
2021-04-01,825545,68382,4.64,2
2021-04-01,825545,76455,6.45,3
2021-04-01,825545,76466,7.54,2
2021-04-01,825545,77419,6.57,2
2021-04-01,825545,81054,8.03,3
2021-04-01,825545,87085,9.13,5
2021-04-01,825545,111582,6.85,2
2021-04-01,825546,2148,4.28,1
2021-04-01,825546,2792,6.53,1
2021-04-01,825546,5029,1.73,1
2021-04-01,825546,5031,1.73,1
2021-04-01,825546,5036,1.73,1
2021-04-01,825546,5869,2.18,1
2021-04-01,825546,14030,2.36,1
2021-04-01,825546,21976,11.92,2
2021-04-01,825546,42993,1.2,1
2021-04-01,825546,47211,2.61,1
2021-04-01,825546,47299,4.35,2
2021-04-01,825546,47376,4.35,2
2021-04-01,825546,47379,4.35,2
2021-04-01,825546,68099,4.47,1
2021-04-01,825546,69756,1.27,1
2021-04-01,825546,71409,26.47,1
2021-04-01,825546,71898,4.61,2
2021-04-01,825546,71904,3.99,2
2021-04-01,825546,72292,4.47,1
2021-04-01,825546,72854,10.1,1
2021-04-01,825546,78814,2.2,1
2021-04-01,825546,80091,3.3,2
2021-04-01,825546,81742,6.92,2
2021-04-01,825546,82927,1.27,1
2021-04-01,825546,82928,1.27,1
2021-04-01,825546,87412,3.2,2
2021-04-01,825546,87416,3.62,2
2021-04-01,825546,88216,6.55,1
2021-04-01,825546,92887,2.69,1
2021-04-01,825546,94040,4.68,1
2021-04-01,825546,94765,28.64,1
2021-04-01,825546,94849,3.94,1
2021-04-01,825546,96441,3.71,1
2021-04-01,825546,100934,8.29,1
2021-04-01,825546,101782,1.3,1
2021-04-01,825546,102190,5.03,2
2021-04-01,825546,109310,5.33,1
2021-04-01,825546,109311,7.89,1
2021-04-01,825546,109579,15.99,1
2021-04-01,825546,111921,2.98,1
2021-04-01,825546,112449,5.23,2
2021-04-01,825546,114258,9.78,1
2021-04-01,825546,114303,2.01,2
2021-04-01,825546,115758,3.55,4
2021-04-01,825546,115768,1.22,1
2021-04-01,825546,117524,8.84,1
2021-04-01,825546,119263,4.11,1
2021-04-01,825546,119707,3.21,1
2021-04-01,825546,119709,3.21,1
2021-04-01,825546,120263,4.1,4
2021-04-01,825546,120590,5.77,2
2021-04-01,825546,121475,2.22,3
2021-04-01,825546,121476,1.55,1
2021-04-01,825546,122071,16.27,2
2021-04-01,825547,5870,2.31,1
2021-04-01,825547,7358,4.25,1
2021-04-01,825547,11771,4.52,1
2021-04-01,825547,13369,6.44,1
2021-04-01,825547,72818,2.06,1
2021-04-01,825547,80785,1.49,1
2021-04-01,825547,89246,6.33,1
2021-04-01,825547,99269,4.24,1
2021-04-01,825547,118156,2.37,1
2021-04-01,825548,103590,86.83,8
2021-04-01,825549,11828,12.99,1
2021-04-01,825549,12648,8.04,1
2021-04-01,825549,83487,5.3,1
2021-04-01,825549,92791,9.11,3
2021-04-01,825550,12791,9.73,4
2021-04-01,825550,12792,5.1,2
2021-04-01,825550,17663,5.87,1
2021-04-01,825550,70417,2.65,1
2021-04-01,825550,70419,2.86,1
2021-04-01,825550,79420,2.65,1
2021-04-01,825550,80648,2.99,1
2021-04-01,825550,86502,11.13,1
2021-04-01,825550,89505,2.99,1
2021-04-01,825550,100910,5.23,2
2021-04-01,825550,102946,9.89,1
2021-04-01,825550,109747,14.42,1
2021-04-01,825551,74917,3.73,1
2021-04-01,825551,81310,6.93,1
2021-04-01,825551,86523,1.7,1
2021-04-01,825551,92304,14.87,1
2021-04-01,825551,93944,2.67,1
2021-04-01,825551,93945,9.21,6
2021-04-01,825551,95155,1.98,1
2021-04-01,825551,104791,3.23,1
2021-04-01,825551,106773,2.81,1
2021-04-01,825551,119453,3.09,1
2021-04-01,825551,121584,7.91,1
2021-04-01,825552,5029,2.04,1
2021-04-01,825552,5036,2.04,1
2021-04-01,825552,5040,2.72,1
2021-04-01,825552,12494,2.64,1
2021-04-01,825552,19412,3.77,1
2021-04-01,825552,45841,4.2,1
2021-04-01,825552,47049,5.39,2
2021-04-01,825552,47050,5.82,2
2021-04-01,825552,47051,5.39,2
2021-04-01,825552,47082,5.53,2
2021-04-01,825552,47084,3.34,1
2021-04-01,825552,47298,5.12,2
2021-04-01,825552,68868,4.35,1
2021-04-01,825552,76584,1.83,1
2021-04-01,825552,78739,9.84,1
2021-04-01,825552,79560,28.69,1
2021-04-01,825552,80305,11.29,2
2021-04-01,825552,88348,3.75,1
2021-04-01,825552,88355,4.87,1
2021-04-01,825552,89657,11.1,2
2021-04-01,825552,90714,12.62,1
2021-04-01,825552,103873,2.61,1
2021-04-01,825552,103875,4.85,2
2021-04-01,825552,109209,2.28,1
2021-04-01,825552,109308,8.17,1
2021-04-01,825552,109309,9.2,1
2021-04-01,825552,109310,6.27,1
2021-04-01,825552,111199,5.97,1
2021-04-01,825552,111200,5.97,1
2021-04-01,825552,112397,7.88,1
2021-04-01,825552,114657,6.5,2
2021-04-01,825552,114946,2.47,1
2021-04-01,825552,116653,2.71,1
2021-04-01,825552,117165,1.92,1
2021-04-01,825552,119245,6.34,1
2021-04-01,825552,121576,7.34,1
2021-04-01,825553,5029,2.04,1
2021-04-01,825553,5035,2.04,1
2021-04-01,825553,5466,2.5,1
2021-04-01,825553,5528,5.06,1
2021-04-01,825553,5807,4.77,1
2021-04-01,825553,5813,4.16,1
2021-04-01,825553,8680,7.25,1
2021-04-01,825553,9607,5.57,1
2021-04-01,825553,9616,2.47,1
2021-04-01,825553,24058,4.51,1
2021-04-01,825553,48403,3.5,1
2021-04-01,825553,49972,1.65,1
2021-04-01,825553,49975,1.65,1
2021-04-01,825553,58757,3.18,1
2021-04-01,825553,71898,5.42,2
2021-04-01,825553,77532,1.27,1
2021-04-01,825553,77602,1.95,1
2021-04-01,825553,78714,9.33,1
2021-04-01,825553,80944,2.66,1
2021-04-01,825553,86370,4.34,1
2021-04-01,825553,90837,0.88,1
2021-04-01,825553,92623,9.2,1
2021-04-01,825553,107211,8.02,4
2021-04-01,825553,107214,4.01,2
2021-04-01,825553,111725,3.97,1
2021-04-01,825553,115754,2.09,2
2021-04-01,825553,115758,1.04,1
2021-04-01,825553,117629,2.13,1
2021-04-01,825553,120416,5.33,2
2021-04-01,825553,120874,2.61,1
2021-04-01,825554,26351,1.74,1
2021-04-01,825554,76364,2.13,2
2021-04-01,825554,86582,3.14,1
2021-04-01,825554,88216,7.71,1
2021-04-01,825554,93997,1.89,1
2021-04-01,825554,102949,10.72,1
2021-04-01,825554,108598,2.64,1
2021-04-01,825554,111008,4.98,1
2021-04-01,825554,114258,11.51,1
2021-04-01,825556,81246,22.88,1
2021-04-01,825557,5070,2.04,1
2021-04-01,825557,5454,2.7,1
2021-04-01,825557,5466,2.5,1
2021-04-01,825557,23575,2.66,1
2021-04-01,825557,41099,4.33,1
2021-04-01,825557,69121,3.12,1
2021-04-01,825557,82806,8.66,3
2021-04-01,825557,87383,5.49,1
2021-04-01,825557,102576,2.04,1
2021-04-01,825557,103168,3.12,1
2021-04-01,825557,104623,3.88,1
2021-04-01,825557,105127,7.57,1
2021-04-01,825557,106758,5.57,1
2021-04-01,825557,108855,4.13,1
2021-04-01,825557,121845,6.35,1
2021-04-01,825557,121909,2.01,1
2021-04-01,825558,5799,4.34,1
2021-04-01,825558,9519,13.5,1
2021-04-01,825558,11992,1.1,3
2021-04-01,825558,12875,15.95,1
2021-04-01,825558,28535,14.12,2
2021-04-01,825558,70292,14.74,2
2021-04-01,825558,73925,2.71,1
2021-04-01,825558,76731,3.03,1
2021-04-01,825558,78500,15.8,1
2021-04-01,825558,80368,5.18,1
2021-04-01,825558,83783,4.85,2
2021-04-01,825558,90006,18.14,2
2021-04-01,825558,90788,2.63,1
2021-04-01,825558,90837,0.88,1
2021-04-01,825558,101357,1.87,1
2021-04-01,825558,103474,8.96,2
2021-04-01,825558,109968,10.87,2
2021-04-01,825558,110851,14.56,1
2021-04-01,825558,114480,4.49,1
2021-04-01,825558,116446,3.41,1
2021-04-01,825558,117689,12.12,1
2021-04-01,825558,119133,6.41,2
2021-04-01,825558,121600,10.08,1
2021-04-01,825558,121724,4.19,1
2021-04-01,825559,84597,5.13,1
2021-04-01,825560,101534,7.07,3
2021-04-01,825560,101535,7.07,3
2021-04-01,825560,101536,7.89,3
2021-04-01,825560,102450,12.29,1
2021-04-01,825560,110393,6.39,3
2021-04-01,825561,97832,17.61,1
2021-04-01,825562,14401,63.63,10
2021-04-01,825562,117644,3.48,1
2021-04-01,825562,117649,3.48,1
2021-04-01,825563,5070,2.04,1
2021-04-01,825563,83755,30.62,2
2021-04-01,825563,84660,2.72,1
2021-04-01,825563,102576,2.04,1
2021-04-01,825563,109177,2.04,1
2021-04-01,825563,111012,6.41,1
2021-04-01,825564,9479,8.87,4
2021-04-01,825564,29426,10.83,2
2021-04-01,825564,29437,10.28,2
2021-04-01,825564,44386,5.93,1
2021-04-01,825564,46913,7.44,1
2021-04-01,825564,46962,4.03,1
2021-04-01,825564,49975,6.59,4
2021-04-01,825564,77199,23.35,1
2021-04-01,825564,77774,32.68,2
2021-04-01,825564,88773,11.21,3
2021-04-01,825564,107211,2.03,1
2021-04-01,825564,108680,8.66,1
2021-04-01,825565,5031,2.04,1
2021-04-01,825565,5061,2.04,1
2021-04-01,825565,76567,151.77,6
2021-04-01,825565,103590,86.83,8
2021-04-01,825566,76603,2.59,1
2021-04-01,825566,77371,6.09,1
2021-04-01,825566,83655,5.59,1
2021-04-01,825566,87365,8.57,2
2021-04-01,825566,87372,4.81,1
2021-04-01,825566,87379,10.04,2
2021-04-01,825566,103835,1.84,1
2021-04-01,825566,114513,3.74,1
2021-04-01,825566,115602,3.72,1
2021-04-01,825566,115613,4.06,1
2021-04-01,825566,120039,4.96,1
2021-04-01,825566,120428,6.03,1
2021-04-01,825567,97832,17.61,1
2021-04-01,825568,4247,5.77,2
2021-04-01,825568,5905,3.09,1
2021-04-01,825568,9635,5.64,3
2021-04-01,825568,9639,6.63,3
2021-04-01,825568,9643,7.96,4
2021-04-01,825568,9646,3.98,2
2021-04-01,825568,45176,2.59,2
2021-04-01,825568,45192,2.59,2
2021-04-01,825568,73926,1.92,1
2021-04-01,825568,103592,43.42,4
2021-04-01,825568,108081,1.99,1
2021-04-01,825568,108082,1.84,1
2021-04-01,825568,108084,2.53,2
2021-04-01,825568,108087,1.24,1
2021-04-01,825568,108090,1.49,1
2021-04-01,825568,108091,2.53,2
2021-04-01,825568,108108,2.53,2
2021-04-01,825568,114255,142.45,6
2021-04-01,825568,119086,4.08,2
2021-04-01,825569,3628,6.27,1
2021-04-01,825569,6206,15.66,1
2021-04-01,825569,76364,1.06,1
2021-04-01,825569,76366,2.89,1
2021-04-01,825569,78516,2.88,1
2021-04-01,825569,90929,4.23,2
2021-04-01,825569,93096,5.3,1
2021-04-01,825569,118885,2.42,1
2021-04-01,825570,539,2.88,2
2021-04-01,825570,6522,10.74,3
2021-04-01,825570,7358,8.41,2
2021-04-01,825570,9479,6.65,3
2021-04-01,825570,20029,9.78,2
2021-04-01,825570,71325,21.74,1
2021-04-01,825570,79818,18.94,3
2021-04-01,825571,30295,12.15,1
2021-04-01,825571,44320,126.47,5
2021-04-01,825571,76473,1.55,1
2021-04-01,825571,87242,5.24,1
2021-04-01,825571,109308,8.17,1
2021-04-01,825571,112249,3.71,1
2021-04-01,825572,4247,2.89,1
2021-04-01,825572,9639,2.21,1
2021-04-01,825572,9641,2.21,1
2021-04-01,825572,9657,2.7,1
2021-04-01,825572,103589,86.83,8
2021-04-01,825572,109986,10.22,2
2021-04-01,825572,119120,5.13,1
2021-04-01,825572,122214,3.36,1
2021-04-01,825572,122216,2.94,1
2021-04-01,825572,122217,2.94,1
2021-04-01,825573,46955,8.9,1
2021-04-01,825573,46964,12.18,1
2021-04-01,825573,88215,5.49,2
2021-04-01,825573,88216,7.71,1
2021-04-01,825573,103592,43.42,4
2021-04-01,825573,109386,2.66,1
2021-04-01,825573,122030,16.14,1
2021-04-01,825574,5029,2.04,1
2021-04-01,825574,5036,2.04,1
2021-04-01,825574,5057,2.04,1
2021-04-01,825574,5466,2.5,1
2021-04-01,825574,5640,1.28,1
2021-04-01,825574,26098,1.62,1
2021-04-01,825574,77533,2.32,2
2021-04-01,825574,77864,2.3,2
2021-04-01,825574,81771,7.54,4
2021-04-01,825574,88216,7.71,1
2021-04-01,825574,102596,2.04,1
2021-04-01,825574,111090,2.75,1
2021-04-01,825574,112467,1.83,1
2021-04-01,825574,116906,5.07,1
2021-04-01,825575,26148,3.85,1
2021-04-01,825575,77622,9.11,3
2021-04-01,825575,84202,36.79,12
2021-04-01,825575,87580,36.9,9
2021-04-01,825576,5697,3.31,1
2021-04-01,825576,71191,3.62,1
2021-04-01,825577,5773,4.59,1
2021-04-01,825577,71876,7.74,1
2021-04-01,825577,87312,12.22,1
2021-04-01,825577,88216,15.41,2
2021-04-01,825577,102576,2.04,1
2021-04-01,825577,107925,15.46,1
2021-04-01,825577,109177,2.04,1
2021-04-01,825577,109310,37.62,6
2021-04-01,825577,119909,9.68,1
2021-04-01,825578,103590,86.83,8
2021-04-01,825579,5638,1.51,1
2021-04-01,825579,11998,5.61,2
2021-04-01,825579,26096,2.18,1
2021-04-01,825579,42241,3.12,1
2021-04-01,825579,44115,3.04,2
2021-04-01,825579,69115,3.12,1
2021-04-01,825579,69122,3.12,1
2021-04-01,825579,71162,6.83,2
2021-04-01,825579,71904,4.7,2
2021-04-01,825579,73572,1.83,1
2021-04-01,825579,77229,2.16,1
2021-04-01,825579,77931,2.33,2
2021-04-01,825579,84332,3.86,1
2021-04-01,825579,86478,1.79,1
2021-04-01,825579,87793,3.9,1
2021-04-01,825579,88469,3.87,1
2021-04-01,825579,100970,12.2,1
2021-04-01,825579,112464,1.68,1
2021-04-01,825579,121460,1.84,2
2021-04-01,825579,121979,3.12,1
2021-04-01,825580,5071,2.72,1
2021-04-01,825580,71718,6.74,1
2021-04-01,825580,77484,11.89,1
2021-04-01,825580,90844,17.63,2
2021-04-01,825580,102576,2.04,1
2021-04-01,825580,108431,16.78,1
2021-04-01,825580,109175,5.52,1
2021-04-01,825580,122735,2.72,1
2021-04-01,825581,79695,16.15,1
2021-04-01,825582,88915,43.95,2
2021-04-01,825583,79560,28.69,1
2021-04-01,825583,106758,22.05,4
2021-04-01,825583,122291,26.68,1
2021-04-01,825584,2792,7.68,1
2021-04-01,825584,7264,7.65,3
2021-04-01,825584,46989,6.09,1
2021-04-01,825584,72818,2.06,1
2021-04-01,825584,79365,3.68,1
2021-04-01,825584,87839,8.81,1
2021-04-01,825584,103656,1.05,1
2021-04-01,825584,109381,2.14,1
2021-04-01,825585,109365,14.53,1
2021-04-01,825585,120912,24.57,1
2021-04-01,825586,115771,199.0,8
2021-04-01,825587,30206,12.85,1
2021-04-01,825587,30670,5.58,1
2021-04-01,825587,30672,5.58,1
2021-04-01,825587,46988,6.01,1
2021-04-01,825587,66998,6.39,1
2021-04-01,825587,79818,6.38,1
2021-04-01,825587,85159,16.11,6
2021-04-01,825587,103592,43.42,4
2021-04-01,825588,5037,2.72,1
2021-04-01,825588,5060,2.72,1
2021-04-01,825588,9163,2.01,1
2021-04-01,825588,9494,5.8,1
2021-04-01,825588,23556,3.9,1
2021-04-01,825588,44715,5.61,1
2021-04-01,825588,71397,4.26,1
2021-04-01,825588,72067,5.97,1
2021-04-01,825588,72824,8.18,1
2021-04-01,825588,72843,4.92,1
2021-04-01,825588,76046,7.68,1
2021-04-01,825588,76824,4.25,2
2021-04-01,825588,77481,2.92,1
2021-04-01,825588,78511,4.39,1
2021-04-01,825588,80054,7.54,2
2021-04-01,825588,80307,8.45,1
2021-04-01,825588,81082,2.32,1
2021-04-01,825588,83353,3.58,1
2021-04-01,825588,84031,25.33,1
2021-04-01,825588,92926,3.33,1
2021-04-01,825588,98279,23.52,1
2021-04-01,825588,98351,12.16,2
2021-04-01,825588,100262,3.08,1
2021-04-01,825588,100647,8.28,2
2021-04-01,825588,102758,9.63,1
2021-04-01,825588,103001,5.96,2
2021-04-01,825588,103653,16.09,1
2021-04-01,825588,108944,4.78,1
2021-04-01,825588,111556,5.49,1
2021-04-01,825588,112082,1.42,1
2021-04-01,825588,112188,6.64,2
2021-04-01,825588,112450,2.78,1
2021-04-01,825588,114722,4.55,1
2021-04-01,825588,116402,3.81,1
2021-04-01,825588,120596,6.25,2
2021-04-01,825588,120953,6.74,1
2021-04-01,825590,8696,7.99,2
2021-04-01,825590,9601,3.03,1
2021-04-01,825590,14025,3.41,1
2021-04-01,825590,28533,7.37,1
2021-04-01,825590,28536,7.29,1
2021-04-01,825590,47294,2.51,1
2021-04-01,825590,47569,3.67,1
2021-04-01,825590,48697,4.06,1
2021-04-01,825590,48699,5.66,1
2021-04-01,825590,70193,6.86,1
2021-04-01,825590,78913,15.28,2
2021-04-01,825590,78916,13.03,1
2021-04-01,825590,78925,23.01,2
2021-04-01,825590,78940,7.87,2
2021-04-01,825590,79782,3.81,1
2021-04-01,825590,81235,6.32,1
2021-04-01,825590,88917,137.64,3
2021-04-01,825590,103095,5.7,1
2021-04-01,825590,107322,7.25,1
2021-04-01,825590,112450,2.78,1
2021-04-01,825590,116779,4.42,1
2021-04-01,825591,77823,21.34,1
2021-04-01,825592,41823,4.73,1
2021-04-01,825592,44764,2.55,1
2021-04-01,825592,79485,10.15,1
2021-04-01,825592,103592,43.42,4
2021-04-01,825592,113391,1.95,1
2021-04-01,825592,121975,6.02,1
2021-04-01,825593,13349,2.73,1
2021-04-01,825593,111580,34.27,10
2021-04-01,825593,115726,21.09,6
2021-04-01,825593,121068,10.77,1
2021-04-01,825595,5869,2.56,1
2021-04-01,825595,7358,4.25,1
2021-04-01,825595,79818,6.38,1
2021-04-01,825595,86815,13.8,2
2021-04-01,825595,88215,5.54,2
2021-04-01,825596,82462,5.62,1
2021-04-01,825596,82463,5.62,1
2021-04-01,825596,82464,5.62,1
2021-04-01,825596,110070,5.62,1
2021-04-01,825596,117561,12.21,1
2021-04-01,825597,90716,1.92,1
2021-04-01,825597,91491,4.73,1
2021-04-01,825597,113592,10.98,1
2021-04-01,825598,103589,86.83,8
2021-04-01,825599,5032,1.73,1
2021-04-01,825599,5047,1.73,1
2021-04-01,825599,5531,2.26,1
2021-04-01,825599,5801,1.63,2
2021-04-01,825599,24144,3.7,1
2021-04-01,825599,45846,2.63,1
2021-04-01,825599,46053,2.38,1
2021-04-01,825599,71402,3.94,1
2021-04-01,825599,72857,7.04,1
2021-04-01,825599,76207,0.81,1
2021-04-01,825599,76281,2.58,1
2021-04-01,825599,76466,3.21,1
2021-04-01,825599,77175,1.07,1
2021-04-01,825599,77182,0.96,1
2021-04-01,825599,77475,1.07,1
2021-04-01,825599,77927,0.98,1
2021-04-01,825599,87171,3.18,1
2021-04-01,825599,87288,1.23,1
2021-04-01,825599,90679,8.14,1
2021-04-01,825599,102662,2.31,1
2021-04-01,825599,110566,1.55,1
2021-04-01,825599,110568,1.68,1
2021-04-01,825599,110569,1.47,1
2021-04-01,825599,117211,7.8,1
2021-04-01,825599,121869,17.66,1
2021-04-01,825599,122733,2.31,1
2021-04-01,825599,122734,4.7,1
2021-04-01,825600,9526,14.96,1
2021-04-01,825600,12494,2.64,1
2021-04-01,825600,12500,2.93,1
2021-04-01,825600,18097,6.16,1
2021-04-01,825600,18100,9.18,1
2021-04-01,825600,18115,4.59,1
2021-04-01,825600,68868,4.35,1
2021-04-01,825600,71743,2.89,1
2021-04-01,825600,78318,8.88,1
2021-04-01,825600,79103,3.16,1
2021-04-01,825600,81497,1.81,1
2021-04-01,825600,81504,2.21,3
2021-04-01,825600,82989,3.39,4
2021-04-01,825600,83015,14.38,1
2021-04-01,825600,83042,4.15,1
2021-04-01,825600,86481,5.54,1
2021-04-01,825600,87273,8.87,3
2021-04-01,825600,87422,3.77,1
2021-04-01,825600,90183,13.62,1
2021-04-01,825600,90842,10.25,1
2021-04-01,825600,91241,10.25,1
2021-04-01,825600,92894,6.15,1
2021-04-01,825600,99476,3.32,1
2021-04-01,825600,107085,6.0,1
2021-04-01,825600,113960,2.13,1
2021-04-01,825600,122395,14.06,1
2021-04-01,825601,80199,16.6,10
2021-04-01,825601,83054,17.67,10
2021-04-01,825602,102750,11.8,1
2021-04-01,825602,104854,3.32,2
2021-04-01,825602,111720,17.78,1
2021-04-01,825603,17609,10.54,1
2021-04-01,825603,103590,43.42,4
2021-04-01,825603,110337,57.97,8
2021-04-01,825604,71420,3.67,1
2021-04-01,825604,86785,10.62,6
2021-04-01,825604,88216,15.41,2
2021-04-01,825605,10566,8.1,1
2021-04-01,825605,24058,4.51,1
2021-04-01,825605,24060,6.76,1
2021-04-01,825605,69296,4.05,2
2021-04-01,825605,87758,2.96,1
2021-04-01,825605,87800,3.2,1
2021-04-01,825605,111725,3.97,1
2021-04-01,825605,111729,3.97,1
2021-04-01,825605,115141,2.8,1
2021-04-01,825605,120186,11.98,1
2021-04-01,825605,121947,2.71,1
2021-04-01,825606,16760,13.92,3
2021-04-01,825607,103592,86.83,8
2021-04-01,825608,13349,2.25,1
2021-04-01,825608,18115,55.07,12
2021-04-01,825608,28897,1.98,1
2021-04-01,825608,76035,6.27,2
2021-04-01,825608,86523,1.59,1
2021-04-01,825608,86524,2.27,2
2021-04-01,825608,86808,6.35,1
2021-04-01,825608,92243,3.11,1
2021-04-01,825608,100446,4.35,2
2021-04-01,825608,104162,9.22,1
2021-04-01,825608,105174,2.34,1
2021-04-01,825608,110330,9.1,1
2021-04-01,825608,122240,2.42,1
2021-04-01,825608,122632,2.42,1
2021-04-01,825609,5869,5.08,2
2021-04-01,825609,7358,4.25,1
2021-04-01,825609,86495,12.78,1
2021-04-01,825609,86524,1.21,1
2021-04-01,825609,88215,2.77,1
2021-04-01,825609,99263,3.98,1
2021-04-01,825609,110704,9.37,2
2021-04-01,825609,118203,4.83,1
2021-04-01,825610,63633,34.91,1
2021-04-01,825610,76451,7.36,1
2021-04-01,825611,14689,5.8,1
2021-04-01,825611,14692,5.7,1
2021-04-01,825611,14715,6.25,1
2021-04-01,825611,19409,5.61,1
2021-04-01,825611,69116,3.12,1
2021-04-01,825611,79782,3.81,1
2021-04-01,825611,88916,20.14,1
2021-04-01,825612,17593,5.87,1
2021-04-01,825612,44706,5.34,2
2021-04-01,825612,69113,3.12,1
2021-04-01,825612,69116,3.12,1
2021-04-01,825612,71398,5.22,1
2021-04-01,825612,84396,7.02,2
2021-04-01,825612,93982,2.0,1
2021-04-01,825612,115025,10.81,3
2021-04-01,825613,72081,24.57,4
2021-04-01,825613,88319,8.55,2
2021-04-01,825614,103588,86.83,8
2021-04-01,825614,103589,86.83,8
2021-04-01,825616,108770,6.29,1
2021-04-01,825616,108976,45.62,2
2021-04-01,825617,7358,4.25,1
2021-04-01,825617,10061,5.3,1
2021-04-01,825617,45479,2.92,1
2021-04-01,825617,81124,8.66,1
2021-04-01,825617,81126,6.56,1
2021-04-01,825617,81463,8.47,1
2021-04-01,825617,92134,13.96,1
2021-04-01,825617,96238,10.21,1
2021-04-01,825617,101051,8.81,1
2021-04-01,825617,109212,5.69,1
2021-04-01,825617,109213,6.04,1
2021-04-01,825618,76363,2.44,1
2021-04-01,825618,76468,3.1,2
2021-04-01,825618,109311,18.56,2
2021-04-01,825619,8698,93.53,30
2021-04-01,825619,69321,13.0,5
2021-04-01,825620,97882,26.99,1
2021-04-01,825620,108707,71.25,2
2021-04-01,825620,108708,19.79,1
2021-04-01,825620,116079,36.34,1
2021-04-01,825622,48605,8.44,3
2021-04-01,825622,112248,4.36,1
2021-04-01,825623,68371,2.88,1
2021-04-01,825623,71420,3.67,1
2021-04-01,825623,73938,3.39,1
2021-04-01,825623,76363,2.44,1
2021-04-01,825623,88268,1.12,1
2021-04-01,825623,119246,12.07,1
2021-04-01,825623,121709,7.79,1
2021-04-01,825624,91977,12.08,1
2021-04-01,825624,92138,28.15,1
2021-04-01,825624,113178,8.0,1
2021-04-01,825624,113407,9.53,1
2021-04-01,825624,113411,6.76,1
2021-04-01,825624,121648,6.23,1
2021-04-01,825624,122608,7.69,1
2021-04-01,825625,7357,6.96,1
2021-04-01,825625,10309,3.38,1
2021-04-01,825625,11814,15.02,2
2021-04-01,825625,28590,6.52,1
2021-04-01,825625,29100,5.03,2
2021-04-01,825625,30624,12.54,1
2021-04-01,825625,88215,2.77,1
2021-04-01,825625,96067,19.16,3
2021-04-01,825625,96443,4.77,1
2021-04-01,825626,4377,5.21,2
2021-04-01,825626,4379,2.61,1
2021-04-01,825626,4381,2.61,1
2021-04-01,825626,4383,5.21,2
2021-04-01,825626,4385,5.21,2
2021-04-01,825626,4386,2.61,1
2021-04-01,825626,41029,2.9,1
2021-04-01,825626,41030,2.84,1
2021-04-01,825626,41994,3.14,1
2021-04-01,825626,46716,1.8,1
2021-04-01,825626,46925,3.14,1
2021-04-01,825626,70402,3.99,1
2021-04-01,825626,73635,1.8,1
2021-04-01,825626,84950,2.61,1
2021-04-01,825626,86119,3.14,1
2021-04-01,825626,99039,3.0,1
2021-04-01,825626,99040,3.5,1
2021-04-01,825626,111149,4.03,1
2021-04-01,825626,111150,3.76,1
2021-04-01,825626,111152,3.76,1
2021-04-01,825626,112095,3.47,1
2021-04-01,825626,120261,2.96,1
2021-04-01,825627,79107,19.76,6
2021-04-01,825627,86788,9.5,5
2021-04-01,825627,88268,8.97,8
2021-04-01,825628,949,1.82,1
2021-04-01,825628,5513,3.23,1
2021-04-01,825628,6044,6.95,1
2021-04-01,825628,6045,5.99,1
2021-04-01,825628,6158,4.49,1
2021-04-01,825628,9526,12.72,1
2021-04-01,825628,17075,5.77,1
2021-04-01,825628,24061,49.01,3
2021-04-01,825628,24076,6.07,1
2021-04-01,825628,71876,6.58,1
2021-04-01,825628,83223,5.33,3
2021-04-01,825628,112230,2.79,1
2021-04-01,825629,48178,12.29,1
2021-04-01,825629,73580,3.08,1
2021-04-01,825629,80220,2.99,1
2021-04-01,825629,87089,4.6,1
2021-04-01,825629,88965,5.12,1
2021-04-01,825629,100024,8.52,1
2021-04-01,825629,118425,2.59,1
2021-04-01,825630,6155,3.24,1
2021-04-01,825630,16546,3.34,2
2021-04-01,825630,48503,1.92,1
2021-04-01,825630,70589,7.36,1
2021-04-01,825630,79761,8.48,1
2021-04-01,825630,92212,14.86,1
2021-04-01,825630,109201,2.96,1
2021-04-01,825630,118891,2.69,1
2021-04-01,825631,5715,7.19,2
2021-04-01,825631,5740,4.14,1
2021-04-01,825631,5742,3.63,1
2021-04-01,825631,8871,8.09,1
2021-04-01,825631,19296,5.77,1
2021-04-01,825631,19297,5.84,1
2021-04-01,825631,42241,3.12,1
2021-04-01,825631,75054,3.92,1
2021-04-01,825631,76212,2.63,1
2021-04-01,825631,84164,2.5,1
2021-04-01,825631,90931,5.42,3
2021-04-01,825631,98337,4.37,1
2021-04-01,825631,103830,3.48,1
2021-04-01,825631,103831,3.77,1
2021-04-01,825631,110084,8.94,5
2021-04-01,825631,113093,3.65,2
2021-04-01,825631,115770,2.73,1
2021-04-01,825631,121475,0.87,1
2021-04-01,825632,17632,3.27,1
2021-04-01,825632,19341,2.97,1
2021-04-01,825632,46160,9.57,10
2021-04-01,825632,47508,22.62,6
2021-04-01,825632,70064,5.7,1
2021-04-01,825632,77532,1.27,1
2021-04-01,825632,78859,13.61,5
2021-04-01,825632,81178,3.11,1
2021-04-01,825632,81199,2.96,1
2021-04-01,825632,83605,8.81,2
2021-04-01,825632,85254,30.04,1
2021-04-01,825632,90837,1.76,2
2021-04-01,825632,100970,24.41,2
2021-04-01,825632,105328,2.24,2
2021-04-01,825632,105330,2.24,2
2021-04-01,825632,111775,4.8,1
2021-04-01,825632,112190,3.82,1
2021-04-01,825632,115129,6.93,2
2021-04-01,825632,118230,4.57,1
2021-04-01,825632,119284,4.23,1
2021-04-01,825633,18115,4.59,1
2021-04-01,825633,76363,2.44,1
2021-04-01,825633,77636,5.43,1
2021-04-01,825633,110226,57.46,2
2021-04-01,825633,115198,6.64,1
2021-04-01,825635,11001,4.28,1
2021-04-01,825635,26446,2.32,1
2021-04-01,825635,29485,5.62,1
2021-04-01,825635,79495,3.91,1
2021-04-01,825635,82463,5.62,1
2021-04-01,825635,103709,2.23,1
2021-04-01,825635,118791,5.11,1
2021-04-01,825635,118975,12.61,1
2021-04-01,825635,121068,10.77,1
2021-04-01,825636,30743,18.58,2
2021-04-01,825636,121054,10.13,1
2021-04-01,825636,122544,9.62,1
2021-04-01,825637,8697,5.15,2
2021-04-01,825637,8803,6.1,2
2021-04-01,825637,10655,5.78,2
2021-04-01,825637,49974,1.65,1
2021-04-01,825637,73310,6.05,2
2021-04-01,825637,88495,12.15,1
2021-04-01,825637,101301,49.12,3
2021-04-01,825637,101944,5.84,2
2021-04-01,825638,72857,33.12,4
2021-04-01,825638,76421,6.27,1
2021-04-01,825638,76590,26.98,1
2021-04-01,825638,90661,7.44,1
2021-04-01,825638,103589,10.96,1
2021-04-01,825638,108288,14.43,1
2021-04-01,825638,108380,12.1,1
2021-04-01,825638,110228,85.32,3
2021-04-01,825638,117216,31.91,2
2021-04-01,825638,121869,20.78,1
2021-04-01,825638,122071,19.14,2
2021-04-01,825638,122074,7.43,1
2021-04-01,825639,5624,1.69,1
2021-04-01,825639,44107,3.28,2
2021-04-01,825639,44266,21.32,3
2021-04-01,825639,45867,3.54,1
2021-04-01,825639,45952,4.84,1
2021-04-01,825639,46132,32.19,18
2021-04-01,825639,47050,5.82,2
2021-04-01,825639,63864,10.0,2
2021-04-01,825639,71402,4.64,1
2021-04-01,825639,71838,4.04,1
2021-04-01,825639,76046,7.68,1
2021-04-01,825639,76595,2.86,1
2021-04-01,825639,76664,4.18,1
2021-04-01,825639,79000,3.7,1
2021-04-01,825639,79956,7.52,2
2021-04-01,825639,90294,12.91,2
2021-04-01,825639,98322,5.45,1
2021-04-01,825639,102189,3.81,1
2021-04-01,825639,109308,8.17,1
2021-04-01,825639,112194,2.12,1
2021-04-01,825639,113882,30.9,2
2021-04-01,825639,116800,1.95,1
2021-04-01,825639,117187,3.24,1
2021-04-01,825639,117206,3.15,1
2021-04-01,825639,117529,2.31,1
2021-04-01,825639,120624,7.06,1
2021-04-01,825640,11085,6.48,1
2021-04-01,825640,46438,5.98,1
2021-04-01,825640,102990,3.44,1
2021-04-01,825642,8675,9.49,1
2021-04-01,825642,20584,12.01,1
2021-04-01,825642,43945,98.23,6
2021-04-01,825642,114272,10.15,1
2021-04-01,825642,117394,8.42,1
2021-04-01,825643,24061,19.41,1
2021-04-01,825643,72860,10.15,1
2021-04-01,825643,85159,8.06,3
2021-04-01,825643,101297,16.54,1
2021-04-01,825643,112230,3.28,1
2021-04-01,825643,112627,5.33,1
2021-04-01,825643,115754,4.18,4
2021-04-01,825643,115761,1.11,1
2021-04-01,825643,117785,1.76,1
2021-04-01,825643,117787,2.22,1
2021-04-01,825643,118243,16.54,1
2021-04-01,825643,120042,4.22,1
2021-04-01,825644,2791,2.98,1
2021-04-01,825644,19297,5.84,1
2021-04-01,825644,48602,5.87,1
2021-04-01,825644,49974,3.3,2
2021-04-01,825644,49975,3.3,2
2021-04-01,825644,71898,10.84,4
2021-04-01,825644,71904,9.4,4
2021-04-01,825644,71913,5.41,2
2021-04-01,825644,77224,14.36,6
2021-04-01,825644,93896,3.36,1
2021-04-01,825644,100038,11.39,1
2021-04-01,825644,103647,1.25,1
2021-04-01,825644,106758,5.57,1
2021-04-01,825644,111177,10.19,1
2021-04-01,825644,111181,12.91,1
2021-04-01,825644,111190,12.78,1
2021-04-01,825644,118156,2.37,1
2021-04-01,825644,122145,2.93,1
2021-04-01,825645,91365,9.18,1
2021-04-01,825645,103589,86.83,8
2021-04-01,825646,1296,8.66,1
2021-04-01,825646,7361,5.66,1
2021-04-01,825646,41115,7.22,1
2021-04-01,825646,72675,7.09,1
2021-04-01,825646,79103,3.16,1
2021-04-01,825646,79104,3.4,1
2021-04-01,825646,86622,6.33,1
2021-04-01,825646,108840,3.96,1
2021-04-01,825646,116845,70.69,6
2021-04-01,825647,110861,51.42,2
2021-04-01,825648,5635,1.83,1
2021-04-01,825648,9482,2.9,1
2021-04-01,825648,9509,2.22,1
2021-04-01,825648,12494,2.64,1
2021-04-01,825648,17609,21.07,2
2021-04-01,825648,26275,5.49,2
2021-04-01,825648,29444,6.64,1
2021-04-01,825648,44110,1.84,1
2021-04-01,825648,48498,4.06,2
2021-04-01,825648,77502,19.68,4
2021-04-01,825648,77622,6.07,2
2021-04-01,825648,80412,3.19,3
2021-04-01,825648,88469,7.74,2
2021-04-01,825648,90837,0.88,1
2021-04-01,825648,90930,4.96,1
2021-04-01,825648,112115,11.72,1
2021-04-01,825648,112246,1.73,1
2021-04-01,825648,113449,15.28,1