date_date,orders_id,news,turnover,session_id
2021-08-14,960356,0,63.98,35296358395202709001628959574
2021-08-14,960169,1,27.39,47824314270015620551628943290
2021-08-14,960155,0,7.85,69349408438678767281628941865
2021-08-14,960075,0,37.16,83432439256883821751628927542
2021-08-14,960306,0,219.06,69321286495879760621628952575
2021-08-14,960329,1,45.72,74358906594324826961628955539
2021-08-14,960220,0,54.49,45691105718856728701628947280
2021-08-14,960207,0,121.91,74868801246398837041628942780
2021-08-14,960348,0,42.82,78056043262115783221628957142
2021-08-14,960236,0,22.27,91248919430204038291628946168
2021-08-14,960291,0,30.24,19110621196365642741628952491
2021-08-14,960334,0,46.24,48487622748557737931628956441
2021-08-14,960376,0,105.05,88071096192352778451628962538
2021-08-14,960299,1,150.77,50530402524166571791628952870
2021-08-14,960249,0,34.22,86402898251835194471628947933
2021-08-14,960276,1,2.9,1560537899778435151628950796
2021-08-14,960097,1,36.94,35358962826351438151628932747
2021-08-14,960399,1,219.33,65417546955012138661628964923
2021-08-14,960062,1,44.04,87208678956930377601628929709
2021-08-14,960206,1,109.44,43436885261573455201628944488
2021-08-14,960195,0,109.44,
2021-08-14,960344,0,89.76,30275121578368474471628955885
2021-08-14,960413,0,9.95,4086209911471548741628970438
2021-08-14,960057,0,36.07,56946781771133505921628929302
2021-08-14,960447,0,103.9,82148342776678448911628975916
2021-08-14,960254,0,51.28,61415798535880090111628949468
2021-08-14,960142,0,76.98,84781155452793393781628937078
2021-08-14,960368,0,53.27,90874257836936560941628960583
2021-08-14,960298,1,70.85,15118214803573422941628953170
2021-08-14,960174,0,94.47,6897116241188281131628942108
2021-08-14,960225,0,71.62,90028742371853771131628946338
2021-08-14,960251,1,16.73,31246782896018415791628948917
2021-08-14,960201,1,16.5,59814105288030450121628944756
2021-08-14,960029,1,12.88,59828811427845649151628924683
2021-08-14,960232,0,63.72,71817940333709028271628948262
2021-08-14,960410,0,129.73,84134590775406159511628968762
2021-08-14,960119,0,52.86,15890980614340849061628934789
2021-08-14,960382,0,17.07,52257613056641578321628962609
2021-08-14,960076,1,81.51,45183031016446259491628930811
2021-08-14,960398,1,112.23,53741760308811315911628966708
2021-08-14,960127,1,26.17,59325175530696840221628937216
2021-08-14,960314,1,102.68,75210283272786227321628955421
2021-08-14,960389,1,36.91,79510814603175616061628965588
2021-08-14,960320,0,26.49,81479625258965639071628952362
2021-08-14,960351,0,54.67,57393200027647788271628958806
2021-08-14,960005,1,96.04,81624229291911796121628919442
2021-08-14,960423,1,51.84,88442474068857402421628971863
2021-08-14,960089,1,29.17,16147908388610826701628932558
2021-08-14,960006,0,91.53,69821378486288123471628919669
2021-08-14,960055,1,148.95,81490499772489935611628928077
2021-08-14,960132,0,88.68,51967792915524887801628937831
2021-08-14,960046,1,68.24,64465972812866819431628927323
2021-08-14,960358,0,33.82,33949802396006554191628954610
2021-08-14,960162,1,69.62,59561430515171778251628942313
2021-08-14,959996,1,72.91,61783560179375647191628914969
2021-08-14,960308,1,46.74,66445094773498701021628953979
2021-08-14,960093,0,91.08,70218896607516790391628933741
2021-08-14,960408,1,42.53,80712196680303307651628968871
2021-08-14,960134,0,49.98,10924150248769874491628939740
2021-08-14,960304,1,31.9,23771088448394275461628954079
2021-08-14,960070,1,74.03,65570615595101040381628930196
2021-08-14,960009,0,82.97,73732183205719160121628921584
2021-08-14,960452,0,169.0,58805336655441490181628976832
2021-08-14,960209,1,93.7,86531009868862521711628942944
2021-08-14,960383,0,127.16,2047475350802284121628964415
2021-08-14,960311,0,12.15,90580186537409763281628954552
2021-08-14,960336,1,87.95,27808065906285017421628955619
2021-08-14,960418,1,47.85,57409599243577014421628970820
2021-08-14,960264,0,51.49,52537935564486200621628950330
2021-08-14,960202,1,42.36,84529499531857248861628945867
2021-08-14,960440,0,12.6,9219775971516487341628975165
2021-08-14,960090,0,62.89,37132440722152626321628933483
2021-08-14,960074,0,46.78,38558665358237706001628931054
2021-08-14,960402,1,44.98,88936853666807210781628968636
2021-08-14,960430,0,334.77,48045024307039136461628973307
2021-08-14,960277,1,41.04,27102881282094220291628951193
2021-08-14,960248,1,86.1,64863209656559693611628948971
2021-08-14,960178,1,118.14,78153541596715220381628943098
2021-08-14,960449,1,44.96,13928521919630995141628975234
2021-08-14,960187,0,135.48,21171537072760895981628944641
2021-08-14,960039,0,163.99,77382365658777743671628926312
2021-08-14,960305,0,37.43,173947745279304297691628952711
2021-08-14,960272,1,28.46,34657383569272218191628950589
2021-08-14,960010,1,40.78,87011823597863280711628921185
2021-08-14,960008,0,30.92,45522136508582695301628920670
2021-08-14,960328,0,95.7,60449237106074512961628956143
2021-08-14,960116,1,64.93,85195213621800200641628936038
2021-08-14,960287,1,110.18,120697135112855112191628951646
2021-08-14,960190,1,47.89,45808882999300052341628944739
2021-08-14,960354,0,19.72,61158655751335051481628959390
2021-08-14,960293,0,80.15,5929395040143151481628951036
2021-08-14,960060,1,120.51,60320679200076992781628948690
2021-08-14,960071,0,37.25,5838012567681444091628931106
2021-08-14,960275,0,36.32,76500802274865558791628950331
2021-08-14,960353,0,54.68,82519238414119673801628958711
2021-08-14,960313,0,83.46,86788690941527893051628954991
2021-08-14,960326,1,36.45,47980840100773263311628955488
2021-08-14,960175,1,25.81,69971233846743339991628943667
2021-08-14,960257,0,23.56,19981357396876005141628948165
2021-08-14,960160,1,39.18,52057040145423131211628941099
2021-08-14,960260,1,69.23,60783476786463019851628949088
2021-08-14,960443,0,8.26,75457833032917484521628975459
2021-08-14,960151,0,45.23,82757585562652882701628940956
2021-08-14,960415,0,57.79,24704400733154509661628970625
2021-08-14,960015,1,49.27,55678524529033448961628922532
2021-08-14,960194,1,25.85,85657270240606733171628944267
2021-08-14,960204,0,95.13,13545226840848806541628944036
2021-08-14,960404,1,189.11,21201959571659175811628969206
2021-08-14,960109,0,22.64,42327996947187363731628936187
2021-08-14,960281,0,59.99,20550149364758108761628951706
2021-08-14,960407,1,69.96,84511031516127712631628968495
2021-08-14,960453,1,41.99,37858967553940951121628977126
2021-08-14,960227,0,62.57,58961181390714807961628947423
2021-08-14,960290,1,182.82,15090079590189430621628950576
2021-08-14,960218,1,59.14,18908961615432459621628946507
2021-08-14,960172,0,122.77,25543539503476202741628940869
2021-08-14,960184,1,43.7,83964512518615667041628943610
2021-08-14,960352,1,113.81,58936758574222874791628958816
2021-08-14,960396,1,65.45,57040462910359581751628966430
2021-08-14,960020,1,29.58,2883946044451317611628922870
2021-08-14,960342,1,30.5,59245801485812845711628957909
2021-08-14,960180,0,63.69,87011869983504734191628943557
2021-08-14,960087,0,39.55,91665127059065736521628932111
2021-08-14,959998,0,87.69,22946739827486723031628914715
2021-08-14,960166,0,82.24,53073263939096909821628942793
2021-08-14,960129,0,122.5,56273543714763933101628938781
2021-08-14,960191,1,16.88,73223598561783783501628943991
2021-08-14,960112,0,71.94,10287550110236005631628933678
2021-08-14,960012,1,26.54,56410298265197196211628921547
2021-08-14,960177,0,23.41,68740869211024569441628942460
2021-08-14,960203,0,42.52,87393645460354164671628945752
2021-08-14,960107,0,26.32,41773158340152257241628936066
2021-08-14,960133,1,78.98,23101822549562935861628938681
2021-08-14,960283,1,97.19,37996379320861210171628951100
2021-08-14,960300,1,55.69,6021883982930741711628952530
2021-08-14,960137,0,23.04,83349819891588535931628937179
2021-08-14,960253,0,49.88,78245646569082572811628948489
2021-08-14,960347,0,40.53,15760216508475583161628957362
2021-08-14,960007,0,8.13,45727392363068891071628920954
2021-08-14,960331,0,34.22,22506927488389474601628956027
2021-08-14,960021,0,39.55,34333815379029786361628923475
2021-08-14,960147,0,305.68,47260275928758059721628940146
2021-08-14,960025,1,9.8,67414173012065913911628923814
2021-08-14,960255,0,23.3,77746467903525223611628949627
2021-08-14,960243,0,105.0,12207302222656397731628946653
2021-08-14,960393,0,79.93,13004101462978732461628966156
2021-08-14,960185,0,91.6,2452903470222325581628941319
2021-08-14,960082,0,161.33,68625805577147861101628931906
2021-08-14,960258,1,86.64,84769678655933382681628949316
2021-08-14,960409,0,14.83,11612149034007992831628970038
2021-08-14,960113,1,8.17,15107615426351976621628936894
2021-08-14,960211,0,25.58,55853418861501945481628943730
2021-08-14,960395,0,116.35,79236024581105928481628966877
2021-08-14,960436,0,5.67,82918902945153079471628971812
2021-08-14,960239,1,59.31,21174835049298501011628947193
2021-08-14,960035,1,35.28,36729530956869386751628925348
2021-08-14,960289,1,37.82,40197084099059276081628951996
2021-08-14,960056,1,41.0,5313502829249015251628928737
2021-08-14,959986,1,93.67,38754105096254853141628894120
2021-08-14,960417,0,8.69,43362466449226504901628966426
2021-08-14,959991,1,65.8,51572963271923901441628895433
2021-08-14,960335,1,65.62,70126811091351369871628954686
2021-08-14,960241,1,66.67,78741654689782020051628947863
2021-08-14,960341,0,94.03,82974826941152550601628957115
2021-08-14,960193,0,49.99,4822684317190992831628944825
2021-08-14,960333,1,101.68,5337567316268742191628956014
2021-08-14,960018,1,32.48,89195690214378520741628923338
2021-08-14,959984,0,73.91,2058071206917709671628894183
2021-08-14,960115,0,49.67,28848725830857906021628937183
2021-08-14,960285,0,91.3,62855185529395163571628951956
2021-08-14,959989,1,11.05,84983394639443945941628897655
2021-08-14,960256,0,64.9,88547424515173790771628949689
2021-08-14,960158,1,95.1,23029660011932395981628942483
2021-08-14,960026,1,103.19,69048256155084900891628923383
2021-08-14,960000,1,20.83,75311691616762805761628918535
2021-08-14,960058,1,91.99,85645277661235208761628927228
2021-08-14,960274,0,64.32,129965375470179444191628949924
2021-08-14,960337,1,84.29,13546477491803933671628957377
2021-08-14,960450,1,16.9,57440934723673262861628976061
2021-08-14,960361,1,125.21,89529798555061491391628959792
2021-08-14,960219,1,73.08,48964034479673676181628946891
2021-08-14,960124,1,66.49,70804987114524979871628937929
2021-08-14,960072,1,72.43,15794619969520484201628930522
2021-08-14,960091,1,19.96,33354154641850068451628932864
2021-08-14,960365,0,73.95,39398467700522818661628960880
2021-08-14,960392,0,93.84,48663918657703788471628964454
2021-08-14,960380,1,170.3,50450013234748442061628961331
2021-08-14,960247,1,118.91,7286177700537794381628946414
2021-08-14,960156,1,9.78,67223397307876403801628942049
2021-08-14,960150,0,27.94,24140894538558116491628940360
2021-08-14,960323,1,32.43,63504345354872745171628955807
2021-08-14,960419,1,45.49,64691162329059725471628970837
2021-08-14,960362,0,54.74,72264584634339117671628958169
2021-08-14,960131,1,11.21,63294228511006158331628939424
2021-08-14,960266,0,56.39,10861999537963527151628949218
2021-08-14,960242,0,45.73,52461778192492518811628947347
2021-08-14,960003,0,49.66,68314289623371979891628918633
2021-08-14,960149,1,66.58,76753868765824515311628941464
2021-08-14,960034,1,10.55,5759950935780583831628926111
2021-08-14,960059,1,89.73,67626368534202249711628927949
2021-08-14,960327,0,27.3,75223786907662967301628952212
2021-08-14,960278,0,110.43,77786274734166273901628951448
2021-08-14,960294,0,64.92,16578267032283181791628952455
2021-08-14,960420,0,76.62,18484191840929462351628969592
2021-08-14,960135,0,84.69,41705832193755002101628938654
2021-08-14,960117,0,66.01,52637083982862489191628937178
2021-08-14,960214,1,45.11,183527318450290620481628943390
2021-08-14,960456,0,83.43,19944180718308047071628977382
2021-08-14,960284,1,22.78,33889804752346042121628951735
2021-08-14,960144,0,0.0,75729775716313926501628941287
2021-08-14,960022,0,39.43,81234490043803496301628923411
2021-08-14,960428,0,34.2,34139166730995440791628972624
2021-08-14,960217,0,14.3,79311438580115929021628946739
2021-08-14,960161,1,99.98,8003255733651809641628940841
2021-08-14,960441,0,48.22,81110421366474118531628974496
2021-08-14,960125,1,19.87,90106759464966959791628937904
2021-08-14,960222,0,37.87,45179687384409314251628947161
2021-08-14,960397,1,140.55,55525231176152266051628966628
2021-08-14,960165,1,66.14,3599492019781431281628942929
2021-08-14,960066,0,106.19,49384830979849640601628928747
2021-08-14,960429,0,135.12,174283183802169535121628970495
2021-08-14,960092,0,46.91,55615090739681960611628933498
2021-08-14,960079,1,165.11,59620447703735677611628931355
2021-08-14,960126,1,47.37,28274600973827846621628937881
2021-08-14,960094,0,132.36,38454998419732148651628932344
2021-08-14,960457,1,,
2021-08-14,960455,1,,
2021-08-14,960454,1,,
2021-08-14,960451,1,,
2021-08-14,960448,0,,
2021-08-14,960446,0,,
2021-08-14,960445,1,,
2021-08-14,960444,0,,
2021-08-14,960442,1,,
2021-08-14,960439,1,,
2021-08-14,960438,1,,
2021-08-14,960435,0,,
2021-08-14,960434,1,,
2021-08-14,960433,1,,
2021-08-14,960432,0,,
2021-08-14,960431,0,,
2021-08-14,960427,0,,
2021-08-14,960426,0,,
2021-08-14,960425,0,,
2021-08-14,960424,0,,
2021-08-14,960422,0,,
2021-08-14,960421,0,,
2021-08-14,960416,1,,
2021-08-14,960414,1,,
2021-08-14,960411,0,,
2021-08-14,960403,1,,
2021-08-14,960401,1,,
2021-08-14,960400,0,,
2021-08-14,960394,0,,
2021-08-14,960391,0,,
2021-08-14,960390,0,,
2021-08-14,960388,0,,
2021-08-14,960387,0,,
2021-08-14,960385,1,,
2021-08-14,960381,1,,
2021-08-14,960379,0,,
2021-08-14,960377,0,,
2021-08-14,960374,1,,
2021-08-14,960373,0,,
2021-08-14,960372,0,,
2021-08-14,960371,1,,
2021-08-14,960369,0,,
2021-08-14,960367,1,,
2021-08-14,960363,0,,
2021-08-14,960360,0,,
2021-08-14,960359,1,,
2021-08-14,960357,0,,
2021-08-14,960355,0,,
2021-08-14,960350,1,,
2021-08-14,960349,1,,
2021-08-14,960346,1,,
2021-08-14,960345,1,,
2021-08-14,960343,0,,
2021-08-14,960340,0,,
2021-08-14,960338,0,,
2021-08-14,960332,0,,
2021-08-14,960330,0,,
2021-08-14,960325,0,,
2021-08-14,960322,1,,
2021-08-14,960321,0,,
2021-08-14,960319,1,,
2021-08-14,960318,1,,
2021-08-14,960317,0,,
2021-08-14,960315,0,,
2021-08-14,960312,0,,
2021-08-14,960310,0,,
2021-08-14,960309,1,,
2021-08-14,960307,0,,
2021-08-14,960303,0,,
2021-08-14,960302,0,,
2021-08-14,960301,0,,
2021-08-14,960297,0,,
2021-08-14,960295,0,,
2021-08-14,960292,1,,
2021-08-14,960288,1,,
2021-08-14,960286,0,,
2021-08-14,960280,0,,
2021-08-14,960279,0,,
2021-08-14,960273,0,,
2021-08-14,960271,1,,
2021-08-14,960270,0,,
2021-08-14,960268,1,,
2021-08-14,960267,0,,
2021-08-14,960265,0,,
2021-08-14,960263,0,,
2021-08-14,960262,1,,
2021-08-14,960261,1,,
2021-08-14,960259,1,,
2021-08-14,960252,0,,
2021-08-14,960250,0,,
2021-08-14,960246,0,,
2021-08-14,960245,1,,
2021-08-14,960244,0,,
2021-08-14,960238,1,,
2021-08-14,960235,1,,
2021-08-14,960234,0,,
2021-08-14,960231,0,,
2021-08-14,960230,0,,
2021-08-14,960228,1,,
2021-08-14,960226,1,,
2021-08-14,960224,1,,
2021-08-14,960223,1,,
2021-08-14,960215,1,,
2021-08-14,960213,0,,
2021-08-14,960212,0,,
2021-08-14,960210,0,,
2021-08-14,960208,0,,
2021-08-14,960200,1,,
2021-08-14,960199,0,,
2021-08-14,960198,1,,
2021-08-14,960197,1,,
2021-08-14,960192,1,,
2021-08-14,960188,1,,
2021-08-14,960182,0,,
2021-08-14,960181,1,,
2021-08-14,960179,0,,
2021-08-14,960173,0,,
2021-08-14,960171,0,,
2021-08-14,960170,1,,
2021-08-14,960164,0,,
2021-08-14,960163,0,,
2021-08-14,960159,1,,
2021-08-14,960157,1,,
2021-08-14,960154,0,,
2021-08-14,960153,0,,
2021-08-14,960152,1,,
2021-08-14,960148,1,,
2021-08-14,960146,0,,
2021-08-14,960145,1,,
2021-08-14,960141,1,,
2021-08-14,960140,1,,
2021-08-14,960139,0,,
2021-08-14,960138,0,,
2021-08-14,960136,1,,
2021-08-14,960130,0,,
2021-08-14,960128,0,,
2021-08-14,960123,0,,
2021-08-14,960122,1,,
2021-08-14,960121,1,,
2021-08-14,960120,1,,
2021-08-14,960118,0,,
2021-08-14,960111,0,,
2021-08-14,960110,1,,
2021-08-14,960108,1,,
2021-08-14,960105,0,,
2021-08-14,960104,1,,
2021-08-14,960103,1,,
2021-08-14,960102,0,,
2021-08-14,960101,0,,
2021-08-14,960100,0,,
2021-08-14,960099,0,,
2021-08-14,960098,1,,
2021-08-14,960096,1,,
2021-08-14,960095,0,,
2021-08-14,960088,1,,
2021-08-14,960086,0,,
2021-08-14,960085,1,,
2021-08-14,960084,1,,
2021-08-14,960083,1,,
2021-08-14,960081,1,,
2021-08-14,960080,0,,
2021-08-14,960078,1,,
2021-08-14,960077,0,,
2021-08-14,960073,0,,
2021-08-14,960069,0,,
2021-08-14,960068,1,,
2021-08-14,960067,0,,
2021-08-14,960065,0,,
2021-08-14,960063,1,,
2021-08-14,960061,0,,
2021-08-14,960054,0,,
2021-08-14,960053,0,,
2021-08-14,960052,1,,
2021-08-14,960051,1,,
2021-08-14,960050,0,,
2021-08-14,960049,1,,
2021-08-14,960047,1,,
2021-08-14,960045,0,,
2021-08-14,960044,0,,
2021-08-14,960043,0,,
2021-08-14,960042,1,,
2021-08-14,960041,1,,
2021-08-14,960040,1,,
2021-08-14,960038,0,,
2021-08-14,960037,1,,
2021-08-14,960036,0,,
2021-08-14,960032,1,,
2021-08-14,960031,0,,
2021-08-14,960030,0,,
2021-08-14,960028,0,,
2021-08-14,960024,0,,
2021-08-14,960023,1,,
2021-08-14,960019,0,,
2021-08-14,960017,1,,
2021-08-14,960014,1,,
2021-08-14,960013,1,,
2021-08-14,960004,0,,
2021-08-14,960001,1,,
2021-08-14,959999,0,,
2021-08-14,959997,0,,
2021-08-14,959995,0,,
2021-08-14,959994,1,,
2021-08-14,959993,1,,
2021-08-14,959992,0,,
2021-08-14,959990,1,,
2021-08-14,959988,1,,
2021-08-14,959987,0,,
2021-08-14,959985,0,,
2021-08-14,959983,1,,
2021-08-14,959982,1,,
2021-08-14,959981,0,,
2021-08-14,960366,0,31.3,79300207885182548371628961020
2021-08-14,960176,1,36.74,1884941826459359631628943598
2021-08-14,960384,0,68.23,23104109748499262941628963995
2021-08-14,960237,1,52.79,6264720575016307551628946726
2021-08-14,960002,0,6.81,68777225121561040861628918428
2021-08-14,960221,1,42.64,92158153441741194351628944912
2021-08-14,960324,1,61.97,11498233229786961731628955155
2021-08-14,960233,0,39.41,30682090130767717131628947440
2021-08-14,960205,1,19.83,47618589588554814581628946028
2021-08-14,960240,1,102.28,48026032262263559241628948531
2021-08-14,960406,1,22.46,83269739882757341871628968989
2021-08-14,960033,0,175.19,22114230511024852721628926018
2021-08-14,960316,0,94.18,26950454310133881521628954192
2021-08-14,960370,1,38.39,4923859315945511031628958883
2021-08-14,960183,1,106.65,54078183808599890681628943085
2021-08-14,960437,1,17.42,54079224908582867111628973007
2021-08-14,960186,1,49.16,139239343433496526201628944355
2021-08-14,960114,1,148.71,74272187468076727331628936672
2021-08-14,960282,0,41.81,80240821614345756151628951800
2021-08-14,960216,0,144.48,17781747104633677651628945790
2021-08-14,960011,0,70.96,78737126677560197971628921206
2021-08-14,960412,1,78.73,52145885967735392211628964552
2021-08-14,960064,0,88.66,72668127649448278031628927029
2021-08-14,960375,1,67.9,63698493939782457141628962387
2021-08-14,960027,1,117.61,69252338827689918681628923118
2021-08-14,960168,1,40.86,784563324337322671628943024
2021-08-14,960296,1,126.03,90424954178446377081628953105
2021-08-14,960269,1,68.43,180830282612798435721628947995
2021-08-14,960189,0,170.63,21745770806987442651628944557
2021-08-14,960405,1,50.17,30808107520659308671628969186
2021-08-14,960339,1,58.38,78192093223074459101628957525
2021-08-14,960196,1,18.22,41491833773196396581628945012
2021-08-14,960143,0,113.36,42934650683926555971628941040
2021-08-14,960229,1,61.34,7566907113802106211628946628
2021-08-14,960386,1,128.6,1275397942110626881628963359
2021-08-14,960106,0,54.94,16156728662336198951628935609
2021-08-14,960016,1,103.92,26038874861543622421628922579
2021-08-14,960167,0,104.88,50067753371394978131628942974
2021-08-14,960364,1,23.03,88813313614027735421628961271
2021-08-14,960048,0,172.09,13800040507422450891628927722
2021-08-14,960378,0,76.58,17995683076083600791628962083
2021-06-01,893805,1,27.27,133566783127704740221622564214
2021-06-01,893762,1,75.32,17105336871507109391622562272
2021-06-01,893729,1,130.9,31209509151077751661622559804
2021-06-01,893920,0,66.19,67392975973995682321622571200
2021-06-01,893968,0,26.58,846982990177026401622573439
2021-06-01,893653,0,108.88,84707678268920309261622555019
2021-06-01,893378,1,54.19,87262692165097393651622541945
2021-06-01,893603,0,24.87,11523673351645085081622552824
2021-06-01,893417,0,56.79,31329084949065910881622542196
2021-06-01,893019,0,38.76,36488036842483476491622507331
2021-06-01,893915,0,55.87,48501786176072060381622570773
2021-06-01,893460,1,59.1,48543626051923193001622546931
2021-06-01,893274,0,42.67,78617226161225718861622538518
2021-06-01,894160,1,23.19,85890599235130114461622579774
2021-06-01,894193,0,132.59,1517675586890457551622579355
2021-06-01,893333,0,143.01,34559907740085374291622540882
2021-06-01,893086,1,14.79,52342985152312004281622529200
2021-06-01,893834,1,35.39,57624906170548516761622565818
2021-06-01,893249,1,40.52,60216383950819101501622534026
2021-06-01,893761,0,55.05,60902551319017068131622562546
2021-06-01,894151,0,32.97,66352893636907189031622574777
2021-06-01,893866,1,84.35,80860487083318440421622564723
2021-06-01,893588,1,54.67,85951610405408030131622552770
2021-06-01,893960,0,9.55,12281629423440032591622573205
2021-06-01,894010,0,114.4,13546058346440487621622574614
2021-06-01,893641,1,221.91,138358460587606298901622555426
2021-06-01,893985,0,30.89,15790232445705592971622573891
2021-06-01,893931,0,57.94,42244660193195463361622570709
2021-06-01,893935,0,162.0,43209192080088142581622571223
2021-06-01,893289,0,29.09,47098178236090946531622539046
2021-06-01,893554,0,160.31,63022212812726252281622550924
2021-06-01,894182,1,101.91,6830544040101154861622580132
2021-06-01,893508,1,55.54,21435858422460058161622549135
2021-06-01,893133,0,180.31,28654875530722150911622532666
2021-06-01,893893,1,57.15,44899060534616765151622569569
2021-06-01,893087,0,89.69,56135173698209263661622529845
2021-06-01,893988,0,44.57,83014113694207515521622573801
2021-06-01,894038,0,41.12,1495785004536270921622574685
2021-06-01,893315,0,179.7,27674965041755961501622538600
2021-06-01,893499,0,67.0,29751488270914453161622548250
2021-06-01,894050,1,35.32,37128498156922827161622575967
2021-06-01,893731,1,90.09,46822447392169957761622560214
2021-06-01,893210,1,107.05,67585887006302530641622535380
2021-06-01,893399,0,94.89,77837040259698528851622540762
2021-06-01,893368,1,69.29,81484846650950928701622538904
2021-06-01,894213,1,104.44,10321909504871967841622580000
2021-06-01,893409,1,16.91,11188604398666653631622543723
2021-06-01,893342,0,50.51,14572503969072392231622539673
2021-06-01,894166,1,31.28,25099890856329799691622579788
2021-06-01,893509,1,53.82,61751791294068271821622548657
2021-06-01,893112,1,117.41,69693828437380387651622531978
2021-06-01,893084,0,41.54,77538309521613210141622529083
2021-06-01,893122,0,115.22,79518751712517697121622539841
2021-06-01,893647,0,14.1,80315316189980203981622556233
2021-06-01,893375,1,50.05,17662624812785923571622542362
2021-06-01,893873,0,96.82,18117973208092021391622568584
2021-06-01,893050,1,33.01,23551052056341666381622525751
2021-06-01,893380,1,65.49,3562817422482179381622542562
2021-06-01,894191,1,166.99,36199960887909440911622579624
2021-06-01,893745,1,96.82,87717446652235799071622560947
2021-06-01,893632,0,49.47,91109689776515853821622552986
2021-06-01,893479,1,67.76,13073014900490310641622547354
2021-06-01,893126,1,41.84,24897855637757435221622531967
2021-06-01,894148,1,50.44,28216697298307922681622578922
2021-06-01,893900,0,88.35,29651783096141970521622569844
2021-06-01,893854,1,58.41,40072941548228054081622566819
2021-06-01,893341,1,32.13,41396284494691694821622540107
2021-06-01,894089,1,136.01,50277507591227679141622577196
2021-06-01,893401,0,27.53,6053496059019941841622542539
2021-06-01,893989,0,47.25,86854641066207951361622574052
2021-06-01,894042,0,33.2,89243859518199258351622575911
2021-06-01,893194,0,28.41,141226435451235401711622534959
2021-06-01,893821,0,62.5,151374452128129691311622564902
2021-06-01,893282,1,106.17,169968016443567057091622538453
2021-06-01,894144,1,44.53,23405239955781442681622578711
2021-06-01,893530,0,19.03,41803070468011255981622549702
2021-06-01,893972,0,59.65,44103638217928596181622568938
2021-06-01,893278,0,34.91,64614438064013548541622537166
2021-06-01,894052,0,41.2,7058870808241195181622574603
2021-06-01,893298,1,30.4,10880217844278852011622539542
2021-06-01,893625,0,66.1,30345946963412249361622550912
2021-06-01,893047,1,11.66,37241872279739444831622525297
2021-06-01,893507,0,16.35,41344473187508639051622549028
2021-06-01,894170,1,63.39,60726842531935927341622578664
2021-06-01,894204,1,62.29,67732903222233403701622580062
2021-06-01,893578,1,2.58,84668424758916676911622553326
2021-06-01,893983,0,50.3,86759152475603874761622573755
2021-06-01,893876,1,44.57,24436537452455713621622567676
2021-06-01,894158,0,81.51,36910872851208395501622579827
2021-06-01,893957,0,34.65,42030252505446465181622572486
2021-06-01,893136,1,16.79,55842093805748410781622532232
2021-06-01,893684,0,27.06,60739941795634438991622556183
2021-06-01,893673,0,27.06,
2021-06-01,893626,0,40.16,73468598142117255421622554036
2021-06-01,893140,0,34.4,74261164949927276401622531680
2021-06-01,893851,1,66.39,81083111430311144341622567269
2021-06-01,893302,0,73.36,1129790519107862801622535102
2021-06-01,893865,0,86.26,21703249557175488701622567631
2021-06-01,894215,1,82.46,41248210342735736671622581552
2021-06-01,893709,0,112.46,53723660156921638651622559519
2021-06-01,893029,0,38.93,57494828703383358991622520990
2021-06-01,893798,1,37.51,6178641012204727131622562701
2021-06-01,893203,1,145.74,80529431862824180031622534446
2021-06-01,893379,1,85.06,86900880770043566091622541641
2021-06-01,893418,0,37.76,88721830209287657171622544153
2021-06-01,893307,0,95.27,90010990155287749301622539546
2021-06-01,892997,0,107.79,18605493442768315311622498721
2021-06-01,894119,0,16.49,2059937241297440591622578366
2021-06-01,893111,0,160.12,21602238154071485391622531441
2021-06-01,893921,0,8.25,35781709413486733281622570837
2021-06-01,893228,0,40.5,55507569068054530281622536439
2021-06-01,894146,0,72.08,57692220025560032921622578446
2021-06-01,893432,0,65.93,7676871590911197521622545257
2021-06-01,894017,1,12.77,77003797620512640041622574571
2021-06-01,893132,0,127.29,81490499772489935611622532363
2021-06-01,893692,1,144.97,33633546559358405671622556986
2021-06-01,893285,1,36.61,59301693097956026181622538162
2021-06-01,894171,1,44.33,71030477149551523291622579367
2021-06-01,893196,1,69.88,76851583292354020781622535521
2021-06-01,893734,0,87.3,77658498383256054611622560023
2021-06-01,893542,0,63.81,79639960972251498481622551081
2021-06-01,893313,0,95.53,81154329907540327311622539837
2021-06-01,893811,0,58.52,25426799586478879181622562904
2021-06-01,893925,1,155.61,30354014415161525581622569274
2021-06-01,893391,1,19.34,47530233048766173051622541515
2021-06-01,893138,1,42.83,67884399131218331301622532290
2021-06-01,893868,0,20.29,71496494283658819681622567219
2021-06-01,893477,1,16.57,11104560307024760921622547263
2021-06-01,894091,0,67.58,122991455030220820421622574566
2021-06-01,893248,1,96.21,17192115698111080881622537566
2021-06-01,893665,0,47.19,22085268945183943771622556884
2021-06-01,894247,0,70.17,22245426428645776591622584381
2021-06-01,893181,0,61.94,36780780482209258931622534653
2021-06-01,893910,0,27.49,52037945270729944431622569442
2021-06-01,893877,1,101.93,12505684509894485581622565618
2021-06-01,893696,0,23.54,24998788915563250511622558398
2021-06-01,894179,0,36.64,31854552937567460961622572175
2021-06-01,893262,1,229.91,33462013167621634121622537657
2021-06-01,894208,1,17.56,44255275646172090051622579643
2021-06-01,893277,1,35.08,46393291897647865921622538559
2021-06-01,893151,0,52.13,55681320767426080721622531751
2021-06-01,893551,1,85.12,64628556609358299111622551576
2021-06-01,893299,1,30.64,65714581352631403881622536609
2021-06-01,893100,1,139.08,11736786837364254091622531483
2021-06-01,893496,0,50.29,14921751078171177601622546219
2021-06-01,894045,1,174.78,176643958892316802911622575516
2021-06-01,894105,1,69.13,40292045525255464651622577513
2021-06-01,893683,0,50.86,43301641551812319421622557550
2021-06-01,893098,1,83.75,48298444256741809261622531078
2021-06-01,893410,1,80.19,66261589632697698011622543859
2021-06-01,894159,1,75.52,77535399251891268211622579345
2021-06-01,893758,1,53.74,83445123326037366511622562383
2021-06-01,893940,0,88.15,91942775477522991271622572037
2021-06-01,893991,0,14.6,181312797812947944311622573189
2021-06-01,893062,1,61.92,21096397392940682841622526353
2021-06-01,893373,1,11.75,42475132605282545711622540836
2021-06-01,893701,1,70.68,48181566514306747601622557535
2021-06-01,893918,1,39.0,52700132857163573971622569240
2021-06-01,894133,0,24.62,57285758543047276661622577782
2021-06-01,893037,1,70.17,91098667172478152841622523515
2021-06-01,893841,1,65.44,11264854413325571711622564587
2021-06-01,893610,1,78.32,17252559975520143121622554504
2021-06-01,893616,0,91.71,38703017748703616231622554135
2021-06-01,894186,1,49.87,45611914252642729081622579851
2021-06-01,893668,0,146.86,5342589120816224591622554047
2021-06-01,894203,1,69.59,64985384596845771291622581100
2021-06-01,893611,0,169.16,11194550050928626931622553906
2021-06-01,893981,1,16.12,17292287349268457251622570783
2021-06-01,893115,1,23.14,20512008508929444561622531798
2021-06-01,893506,1,84.12,4549934309130975411622548296
2021-06-01,893429,0,8.0,48807257264088671641622541969
2021-06-01,894189,0,18.17,22160327707757520101622580556
2021-06-01,893493,0,73.8,22788832219379926241622548519
2021-06-01,893735,0,93.71,23048275946681270871622560838
2021-06-01,894207,0,27.49,55098468236198746411622581657
2021-06-01,893911,1,63.4,58004802726290010301622570512
2021-06-01,893303,1,49.27,61769683097033090641622537989
2021-06-01,893950,0,131.3,65606881396530234471622567572
2021-06-01,893217,0,13.87,77367188618653003481622536192
2021-06-01,893197,1,67.17,79316579613197336941622535002
2021-06-01,894174,0,88.92,8707943816845443081622577975
2021-06-01,893266,0,27.1,150995009747098821171622537761
2021-06-01,893170,1,110.02,20100749284252747701622534354
2021-06-01,893511,1,76.78,20250247088553422671622549694
2021-06-01,893156,1,63.45,56136225234908747291622532876
2021-06-01,893815,1,45.18,67673356678934218671622564589
2021-06-01,893998,0,85.29,11809330381200047741622574022
2021-06-01,894198,1,28.9,13110204721658975351622578500
2021-06-01,893702,0,70.17,25175400590121894921622558292
2021-06-01,893023,0,41.96,52414238316155136951622516847
2021-06-01,894137,0,79.58,564087877543780991622578562
2021-06-01,894058,0,59.09,61478771604727090371622576009
2021-06-01,894090,1,33.74,69735625641750164111622577080
2021-06-01,894097,0,89.83,75810382846414889631622577926
2021-06-01,893704,0,130.94,10989461368170669761622559017
2021-06-01,893195,0,95.73,125544096004522744841622535452
2021-06-01,894129,0,40.18,164974089730775414181622577998
2021-06-01,893720,0,63.64,3785541198297342961622559813
2021-06-01,894061,0,57.51,5445208731457492311622575259
2021-06-01,894195,1,62.6,81616169699821223531622577237
2021-06-01,894190,0,70.87,81804407464907629031622579461
2021-06-01,894107,0,37.41,84618730784711354101622577336
2021-06-01,893209,1,37.22,13271738183963069051622535646
2021-06-01,893048,1,67.32,19508662014997484731622525247
2021-06-01,893583,0,61.46,29446768029505080331622552546
2021-06-01,893179,1,63.93,3327416836547662631622533827
2021-06-01,894036,1,122.97,44381222684499975441622573804
2021-06-01,893939,1,105.17,46878266719924706261622572131
2021-06-01,894007,1,84.61,62012162304725800011622574454
2021-06-01,893746,0,75.39,7598134532518543861622560743
2021-06-01,893587,0,97.54,136531909447409249891622551653
2021-06-01,893250,0,45.5,138403654538505587241622537449
2021-06-01,893736,0,88.6,2376485264540030711622549553
2021-06-01,893726,0,88.6,
2021-06-01,893765,0,92.42,32134215266332528021622557906
2021-06-01,893984,0,149.58,40344684171717165541622573904
2021-06-01,893099,1,72.93,48055142090339535961622530218
2021-06-01,893224,1,114.59,50450822621179799181622536590
2021-06-01,894035,1,15.11,55110072421792666551622575238
2021-06-01,893896,1,91.17,78803143546056992571622568999
2021-06-01,893336,1,74.37,82690809000207704091622541006
2021-06-01,893517,1,26.55,86300732663218921741622549329
2021-06-01,893300,0,143.05,12460337386219086971622537956
2021-06-01,894155,1,45.55,32898645185057532781622579111
2021-06-01,894154,0,66.02,62340851212536823931622576678
2021-06-01,893362,0,48.51,23282679542075338471622541146
2021-06-01,894175,1,128.36,30914405082885014421622579956
2021-06-01,893305,1,89.7,56527815742505074921622539556
2021-06-01,893185,1,95.63,60190856039596386951622534051
2021-06-01,894130,1,88.15,143599122234331617781622578580
2021-06-01,893621,1,5.69,30128567544596381451622554432
2021-06-01,893892,0,49.05,44586931603398542171622568521
2021-06-01,893312,1,87.76,58454546490068815281622539948
2021-06-01,893473,0,87.24,60434174140074776241622546913
2021-06-01,894114,0,77.92,80005807360400538281622578040
2021-06-01,894218,0,94.3,91570922062386504221622581112
2021-06-01,893290,1,62.03,171793834077485607391622538781
2021-06-01,893638,0,105.25,30494019955262899971622555217
2021-06-01,893954,0,47.49,36972847811971288161622570102
2021-06-01,893808,0,54.41,52945240584842356251622564248
2021-06-01,893660,1,47.67,18123032980351574251622555911
2021-06-01,894229,0,16.57,39850141822029261661622582378
2021-06-01,893296,0,38.42,59579225938965232641622539161
2021-06-01,893561,0,65.4,60299008341226256861622548938
2021-06-01,893361,0,66.28,754373698502017151622541943
2021-06-01,894040,0,87.06,181343919538931980191622574540
2021-06-01,893793,1,54.01,27496798073084603881622563699
2021-06-01,893407,0,76.98,27941292613738164781622539939
2021-06-01,893427,0,29.58,39628579378261554691622545085
2021-06-01,893795,1,44.19,46332929950369902121622563727
2021-06-01,893177,1,85.22,48549407055637299321622532111
2021-06-01,892993,0,50.97,56160269320953224311622498431
2021-06-01,893774,1,31.08,62286158626615299261622563141
2021-06-01,893239,0,32.4,79425559555078846561622536817
2021-06-01,893434,1,51.65,84674626176295885831622545247
2021-06-01,893366,1,92.49,17656473646429855391622541532
2021-06-01,893631,1,111.74,43257480826924548251622553596
2021-06-01,893130,0,99.06,53685905203847638571622532587
2021-06-01,893190,0,64.04,67203949309349001911622533604
2021-06-01,893031,1,59.36,22765878840162614161622521197
2021-06-01,893705,0,58.64,54077712951288975771622558769
2021-06-01,894140,1,98.0,70462683718587848801622577856
2021-06-01,893747,0,91.1,73626131829848596491622561620
2021-06-01,893332,1,206.4,91655491385844025071622538837
2021-06-01,894185,1,49.44,1180269503091570201622580554
2021-06-01,893440,1,72.98,12381195655943248431622544333
2021-06-01,893888,0,53.64,15771005208350944601622569222
2021-06-01,894081,1,11.56,26549635238481532501622577124
2021-06-01,894245,1,53.3,4065048693439627411622582906
2021-06-01,893693,0,245.15,69005052177154581991622558697
2021-06-01,893733,1,60.97,49706179058554829171622560900
2021-06-01,894153,0,55.31,83492006329918489001622579623
2021-06-01,893857,0,53.94,88581695605491894971622566781
2021-06-01,892999,0,67.33,14982149939689314161622498405
2021-06-01,893903,0,92.87,35005167558159519871622568568
2021-06-01,893408,0,92.9,38175503208209468931622542288
2021-06-01,893057,1,83.45,4560456549509230891622526707
2021-06-01,893065,0,104.96,49592718434984947341622526660
2021-06-01,893584,1,55.09,55271888621748858741622553261
2021-06-01,893245,0,12.86,60768424229401826881622537154
2021-06-01,893104,0,63.05,66093618100358147711622531524
2021-06-01,894009,0,38.84,25371313934774079521622574893
2021-06-01,893716,0,145.59,32089210150837863901622559796
2021-06-01,893575,1,99.05,55356168034768094521622552370
2021-06-01,893555,0,110.56,62501252993988576601622551797
2021-06-01,893566,0,57.32,73346380552747189081622550206
2021-06-01,894220,1,41.57,1092622172636516141622579423
2021-06-01,894212,0,34.1,15844316950229555561622580263
2021-06-01,893569,0,70.17,20805463008465509311622552538
2021-06-01,893958,0,36.06,21384283381441640191622570826
2021-06-01,893527,1,8.21,29764651744382257311622550340
2021-06-01,893858,1,94.7,34112106332418711751622567530
2021-06-01,893463,1,70.15,34231919770681442901622547131
2021-06-01,894176,0,120.96,48076486316889426471622579623
2021-06-01,893141,0,64.65,49778157814172347831622532348
2021-06-01,893335,1,93.06,56525436331065345821622545845
2021-06-01,893199,1,28.13,56677173703094988481622535480
2021-06-01,893486,1,67.68,59803049226103762291622548024
2021-06-01,894184,1,66.37,69072283877224810451622577818
2021-06-01,893052,0,94.49,71047621284587503431622525220
2021-06-01,893679,0,3.32,8592517945154749841622557022
2021-06-01,893348,0,65.96,23763715148227514691622540028
2021-06-01,894078,0,32.42,27920806908226780721622574654
2021-06-01,893276,0,53.36,36278701811828063541622537900
2021-06-01,893964,1,80.92,45970572884253405621622572695
2021-06-01,893117,0,32.9,59475203935346970971622532006
2021-06-01,894209,0,98.11,66071496699752362451622580889
2021-06-01,893105,0,60.85,80248998416005586641622529570
2021-06-01,893035,0,93.81,83243186161486213941622522122
2021-06-01,893829,1,56.23,10210582234661376251622565160
2021-06-01,893727,0,130.64,164256698451461071622560504
2021-06-01,893489,0,50.66,39686804703576483951622547947
2021-06-01,893449,1,62.2,83077235583015054131622546097
2021-06-01,893675,1,141.66,171706394829312033911622557501
2021-06-01,894173,1,33.73,30757522598311857381622579352
2021-06-01,893234,1,60.22,32543731206799978771622536632
2021-06-01,893769,0,35.08,66881919447415793121622562742
2021-06-01,893147,1,108.84,70655138411264636691622533376
2021-06-01,894183,1,48.26,76972217284322133481622580693
2021-06-01,893451,1,15.58,78542001416976525961622546312
2021-06-01,894086,0,57.14,84394761339841440141622576357
2021-06-01,893782,0,24.1,84870805980136186411622562886
2021-06-01,893820,1,21.72,90214631176307746511622564855
2021-06-01,893227,1,39.73,33562685311280696691622536637
2021-06-01,893599,1,86.06,44077984335238006611622550864
2021-06-01,893568,1,86.06,
2021-06-01,893844,1,48.59,48054433549610114881622565672
2021-06-01,893976,0,36.31,48759479618388981001622572784
2021-06-01,894120,1,45.2,53285609355702336371622578329
2021-06-01,894165,1,102.32,57474634496582851841622579674
2021-06-01,893715,0,17.5,92000817064364143591622559642
2021-06-01,893039,1,153.33,17425238811410705201622524715
2021-06-01,893556,1,76.84,58181203475587477431622548066
2021-06-01,893137,1,21.17,59359477974573964291622532816
2021-06-01,893995,0,37.08,6917244218815623751622574348
2021-06-01,893101,0,17.42,39021994361189387631622531499
2021-06-01,893482,1,49.26,4066567350925359541622547248
2021-06-01,893255,1,111.05,42269058571003074191622535065
2021-06-01,893663,0,36.07,57539247040139158411622556817
2021-06-01,893324,0,50.25,7654830188939244621622539969
2021-06-01,893306,0,15.8,91289098291441811291622538636
2021-06-01,893838,0,51.36,11164570148196838001622566128
2021-06-01,894071,0,36.15,130406107667601161301622576445
2021-06-01,893208,0,93.38,24720227773476086371622541230
2021-06-01,893314,1,36.15,48064769130658925901622539549
2021-06-01,893732,1,80.29,61497186319912248511622560527
2021-06-01,893907,1,98.35,11598572384606780211622569784
2021-06-01,893986,1,40.42,122142222686668684251622572831
2021-06-01,893360,1,8.18,24300085096134398741622541398
2021-06-01,893393,1,108.5,28872592534561062031622536926
2021-06-01,893536,1,62.43,32508026327623682161622551191
2021-06-01,893356,1,48.84,39492639626282912341622539902
2021-06-01,893730,0,33.0,58977500161834762301622560177
2021-06-01,893165,1,42.9,60266558703660474751622533479
2021-06-01,893751,1,44.77,62883575434910611271622560877
2021-06-01,893201,1,61.96,68852051655234625621622534565
2021-06-01,894013,1,51.34,75592838715588043571622573363
2021-06-01,893011,0,114.19,77281601817530474751622501063
2021-06-01,893570,1,33.64,21507438304479268841622552173
2021-06-01,893635,0,70.17,22480566310502421551622555407
2021-06-01,893901,1,56.66,25795855517654918851622566299
2021-06-01,893043,1,110.94,26016889567092251461622524605
2021-06-01,893936,0,33.93,37971191098268965001622570968
2021-06-01,894082,1,70.4,66380369917031147801622577351
2021-06-01,893591,1,31.03,21820898246240634271622553543
2021-06-01,893956,1,92.93,3505638651632331281622572220
2021-06-01,893842,0,94.22,36990182815225471271622566818
2021-06-01,893594,1,75.37,44781366877403693891622552809
2021-06-01,893251,1,46.67,52359962900335134561622537205
2021-06-01,893370,1,88.86,54905985754772691701622540097
2021-06-01,894217,0,127.74,85997956452298937931622580682
2021-06-01,894139,1,12.04,1001679418644622561622579123
2021-06-01,893049,1,66.8,36520626152644993161622525678
2021-06-01,893833,0,5.16,54821351276909947011622565904
2021-06-01,893880,0,48.58,57141757437892634851622567552
2021-06-01,893859,0,92.26,65932340575405574721622563520
2021-06-01,893934,1,97.2,66834130377135248741622571889
2021-06-01,893287,1,74.64,79060138068178344841622539139
2021-06-01,893748,1,94.75,83942398247196626781622555662
2021-06-01,893749,1,18.91,12380791027051905661622561759
2021-06-01,893478,1,84.22,25847337529679257921622547536
2021-06-01,893872,0,72.69,74511020205599512771622567177
2021-06-01,893334,1,119.62,8437672219376342311622539213
2021-06-01,893719,1,5.64,84398618735902907141622559001
2021-06-01,893040,1,138.48,11970812690451493781622523606
2021-06-01,893914,0,37.55,23773313584987139521622569316
2021-06-01,893309,0,88.76,2742361030135599641622535841
2021-06-01,893265,1,45.36,35697070754687339201622536788
2021-06-01,894077,1,28.91,36692521867741757841622576499
2021-06-01,893442,1,55.82,41715824521005432451622541076
2021-06-01,893363,1,55.68,44559532460861020231622539252
2021-06-01,893154,1,70.43,47616748077900217491622529913
2021-06-01,894075,0,14.12,56221299841716657561622576930
2021-06-01,894096,1,101.78,60486575017571946691622576889
2021-06-01,894008,1,76.81,61000325605294710931622574730
2021-06-01,893724,1,91.22,68522882483377825721622558076
2021-06-01,893346,0,81.28,79468444545831411901622541129
2021-06-01,893349,1,82.5,81193068348299903791622540490
2021-06-01,893634,1,57.04,86963054330068121851622553878
2021-06-01,893993,1,8.81,12903796324351661191622574007
2021-06-01,894055,1,18.25,26864876335259774331622576235
2021-06-01,893889,1,83.22,63968200491223280651622569385
2021-06-01,893723,0,75.8,71352420854340189041622559834
2021-06-01,893215,1,51.14,73846662251642442531622535929
2021-06-01,893636,0,74.78,82440767858296814721622555559
2021-06-01,893229,0,139.21,88168568069998456171622534899
2021-06-01,894188,0,93.14,1143334142450052731622575496
2021-06-01,893822,1,47.78,12205517234209490761622562564
2021-06-01,893521,1,70.92,19456256499089505741622550064
2021-06-01,893041,1,64.14,38148444184094144321622523949
2021-06-01,893743,0,31.82,38981560980737868551622557948
2021-06-01,893837,0,81.44,45941639235675957061622565942
2021-06-01,893832,0,127.21,60843010187302293181622564926
2021-06-01,893528,0,102.42,68186146568314638551622548913
2021-06-01,893905,1,47.85,91017756932303753591622569961
2021-06-01,893118,0,114.41,159038823585717145061622531676
2021-06-01,893244,0,80.45,20648453005716984821622537528
2021-06-01,893338,0,26.71,20946956024517755731622541174
2021-06-01,894234,0,43.73,30140079774665137611622582916
2021-06-01,893938,1,20.49,44027076732291958781622571624
2021-06-01,893608,0,79.58,89309749771127977711622552736
2021-06-01,893534,0,77.18,89380128307828786791622550332
2021-06-01,893311,1,41.08,9782434467917302091622539668
2021-06-01,893790,0,48.05,22861282047039581081622563523
2021-06-01,893135,0,94.48,31591200618297967791622531809
2021-06-01,894194,1,32.77,36644338949048107731622580570
2021-06-01,893813,0,20.06,37292436499735606901622561894
2021-06-01,893500,1,33.19,61585990481101470671622546910
2021-06-01,893848,0,76.63,84756587036980275191622567228
2021-06-01,893618,0,89.42,21786994761990885501622553740
2021-06-01,894181,1,190.43,33353330695257037211622579377
2021-06-01,893067,1,50.39,63346774644076685521622527864
2021-06-01,893664,1,59.8,88001890181672134411622556719
2021-06-01,893102,1,67.97,17350269192583222931622531549
2021-06-01,894143,1,42.98,175796817933123671961622578817
2021-06-01,893949,0,80.61,28350900895912430101622571965
2021-06-01,893022,0,87.12,43851938574528210981622518333
2021-06-01,893565,0,62.73,88120587014650050821622551580
2021-06-01,893786,0,71.65,102369137078705898571622562769
2021-06-01,894206,0,67.34,12804871330468086821622581356
2021-06-01,893825,1,154.4,36322756451037592791622564785
2021-06-01,893304,1,307.64,41527607114086448081622536908
2021-06-01,893222,0,71.51,5476621478027548771622536009
2021-06-01,893545,1,74.5,63588232493483772131622551542
2021-06-01,893328,0,88.12,65097007833027583671622538611
2021-06-01,893783,1,13.58,77259972219586590601622563206
2021-06-01,893835,0,225.9,79070119871932235061622562038
2021-06-01,893804,1,225.9,
2021-06-01,893292,0,35.36,8882374206911551651622538757
2021-06-01,894053,0,71.92,128694633714427925241622573558
2021-06-01,893291,1,138.1,30963454554252893871622535991
2021-06-01,893119,0,51.22,40924757429556485731622529861
2021-06-01,893404,0,129.4,60731230313474958461622543290
2021-06-01,894076,1,32.81,61364077037118112251622574751
2021-06-01,893392,0,106.97,87514386783475957361622543117
2021-06-01,893943,0,14.77,11739158990777539921622572170
2021-06-01,893120,0,24.83,15865281888191690811622531902
2021-06-01,893520,0,58.33,20307134687465560481622550214
2021-06-01,893131,1,128.61,65714581352631403881622530586
2021-06-01,893367,1,35.08,73085792517392965071622541086
2021-06-01,893487,0,102.01,80652422159916413391622546910
2021-06-01,893116,0,52.57,80883388321342743091622530809
2021-06-01,894123,0,38.04,85972461097240861421622577025
2021-06-01,894039,1,50.41,12091034666222579341622575889
2021-06-01,894041,0,105.14,17374989950311265561622575094
2021-06-01,893739,0,56.47,25101085587625917921622558263
2021-06-01,893026,0,81.59,32588734174527317891622520132
2021-06-01,894138,1,145.82,5412391788009474931622576957
2021-06-01,893987,1,54.16,71328451586753863981622574008
2021-06-01,894102,0,81.64,83646540584797190921622577846
2021-06-01,894135,1,81.57,83840789371334494501622577899
2021-06-01,893068,0,84.95,85657270240606733171622524702
2021-06-01,893525,0,29.57,10130741326529192561622550132
2021-06-01,894223,1,34.29,169975241817908207631622582670
2021-06-01,893030,0,87.73,19350351410174546801622520336
2021-06-01,894163,1,15.23,24851968679736646351622578325
2021-06-01,893963,1,34.75,26947233599994201201622572949
2021-06-01,893385,1,22.75,27429731686315467081622541146
2021-06-01,893202,1,45.03,29314247844129617171622535098
2021-06-01,893421,1,42.47,31828009266659023771622544578
2021-06-01,893191,1,48.84,36236370828920008041622531645
2021-06-01,893491,1,25.72,4307892586754231591622548177
2021-06-01,893485,1,25.72,
2021-06-01,893127,0,24.73,47825686597901919981622531457
2021-06-01,893763,1,34.68,66137732611636339761622562113
2021-06-01,893537,1,156.11,71632391389571034191622551182
2021-06-01,893977,1,122.14,16241328694487048911622573816
2021-06-01,893559,1,137.56,19899582378905782661622551935
2021-06-01,893624,1,92.8,27649396757877357141622554892
2021-06-01,893492,1,27.49,3287884110803816431622545614
2021-06-01,893580,0,80.49,47123183793599991661622552298
2021-06-01,893171,0,86.87,58776427230228052181622533312
2021-06-01,893695,1,76.65,63433720114951978641622558823
2021-06-01,893846,0,68.98,74430733608840297591622564270
2021-06-01,893767,1,47.19,31146407491586392671622561557
2021-06-01,893317,0,49.99,461179645797828251622538451
2021-06-01,893717,1,10.05,51064485401039259701622559353
2021-06-01,893383,0,59.8,72925610981917791431622541396
2021-06-01,893347,1,51.51,7503429558760900671622540503
2021-06-01,893738,0,70.17,78286637822785561421622560868
2021-06-01,893656,1,40.79,88989587447002060641622555635
2021-06-01,893690,1,47.76,28366239040236596581622557842
2021-06-01,893772,1,89.17,33585908500062776131622561805
2021-06-01,893777,0,35.97,35352203965103034021622561974
2021-06-01,894240,1,26.11,46392704045588584101622583469
2021-06-01,892996,0,159.62,48408850127652968971622498447
2021-06-01,893159,0,95.58,65435597499871138751622533366
2021-06-01,893439,0,21.28,70816546374752705821622545874
2021-06-01,893818,0,63.24,76999161117423925141622563013
2021-06-01,893457,1,41.47,79830152604007859001622546927
2021-06-01,893490,1,54.25,8559426424540626321622547824
2021-06-01,894049,0,122.07,19965051781481963921622575188
2021-06-01,893547,1,76.42,30204209177120643371622551266
2021-06-01,893134,1,40.76,49298038796135880421622532683
2021-06-01,893339,1,35.71,58968222903265935481622539357
2021-06-01,893917,1,73.68,69879566230832052191622569587
2021-06-01,893512,1,59.73,84575578389264601551622549848
2021-06-01,893802,0,146.76,17565727086181939651622563443
2021-06-01,893415,1,35.08,23367697002401669131622544388
2021-06-01,893436,0,30.83,30271516210966084691622545183
2021-06-01,894169,0,211.29,51058568224596316881622578584
2021-06-01,893465,1,53.43,62894012334335645431622545799
2021-06-01,893267,0,37.13,69015419755737761091622537917
2021-06-01,893756,0,86.41,81446537346528310901622560927
2021-06-01,893929,1,59.94,91652249157670417121622568923
2021-06-01,893908,0,103.11,14482449779193742021622570318
2021-06-01,893423,1,34.2,21865231328166573201622543282
2021-06-01,893028,1,46.76,74013652598907859321622519112
2021-06-01,893476,1,38.33,8850064413510450661622547431
2021-06-01,893038,1,22.8,104939739655940940441622523809
2021-06-01,894150,0,15.17,44796687240472498601622579117
2021-06-01,894214,1,55.27,47496244438574346441622580537
2021-06-01,894032,0,11.74,71451113619344671941622575568
2021-06-01,893308,0,79.2,80183224943181613201622538792
2021-06-01,893064,0,72.66,85016240144021497681622527742
2021-06-01,893680,1,100.06,90602322970442764151622557154
2021-06-01,893961,1,143.41,9855283073877959471622573228
2021-06-01,893414,0,95.12,10899014338640675241622543313
2021-06-01,893541,1,80.41,14892948665334342371622548802
2021-06-01,893411,1,15.21,164742766450304521481622543508
2021-06-01,893817,1,73.56,48479077095009984771622562739
2021-06-01,893531,1,95.82,62839158815893137861622550370
2021-06-01,893219,0,87.51,63672565995240240151622535795
2021-06-01,893330,0,83.24,88343476790606762621622540794
2021-06-01,894022,0,60.3,11403445749032951511622574229
2021-06-01,893952,0,102.79,15150608478386922471622572046
2021-06-01,894192,0,158.72,24604194121002918491622580492
2021-06-01,893166,1,75.09,24780205445614535721622532525
2021-06-01,893466,1,42.38,36135099134790819461622546538
2021-06-01,893146,1,49.11,3855972563097931981622532530
2021-06-01,893744,0,48.14,40378114823038119551622561140
2021-06-01,893075,1,48.36,56461146769498172561622528759
2021-06-01,893992,1,81.11,65322411883153652471622572929
2021-06-01,893092,0,20.58,78700246058218386831622530058
2021-06-01,893061,1,106.79,28017171328510049341622525456
2021-06-01,893343,0,32.97,3254137650815946971622540739
2021-06-01,893737,0,88.65,41735305117999431371622558391
2021-06-01,893281,0,93.58,72141664649431010121622536941
2021-06-01,893572,0,103.83,83005083783165482691622550704
2021-06-01,893125,1,37.12,89208408858137599351622532366
2021-06-01,894162,1,231.78,16786131809986271021622579702
2021-06-01,893192,1,116.75,39723304065760004071622533322
2021-06-01,893689,1,178.27,40440367324546238881622557373
2021-06-01,893928,0,116.22,43281481834282859241622570933
2021-06-01,893644,0,77.32,74206756690768642831622553367
2021-06-01,893713,1,79.06,82637917422574015111622559701
2021-06-01,893232,0,39.31,9557071564263096511622536349
2021-06-01,893483,0,16.09,1169249113885895411622546323
2021-06-01,893741,0,57.13,13419290239172016701622561406
2021-06-01,893787,1,125.4,3266503291157874331622562216
2021-06-01,893253,0,39.75,82534049394053569021622536049
2021-06-01,893649,0,109.57,85164483816966248671622553978
2021-06-01,893502,1,49.51,122043323874310993771622547403
2021-06-01,893871,0,28.44,24321418284597526691622568160
2021-06-01,893056,0,52.05,45432517806666939081622525950
2021-06-01,893962,1,49.96,4806851221184842351622573251
2021-06-01,893173,1,110.97,67859013082418784301622533822
2021-06-01,893445,1,15.79,88939603132914677081622546386
2021-06-01,893444,0,51.78,89822249793150041211622545123
2021-06-01,893365,0,36.4,31343458957686093421622540351
2021-06-01,893648,0,94.34,40069697001083527331622555877
2021-06-01,893021,1,51.8,49029762726371989901622508188
2021-06-01,893501,1,47.58,65608020765886451121622547199
2021-06-01,893573,1,87.26,66698473534331145291622551850
2021-06-01,893357,0,142.52,79793885599512669261622541425
2021-06-01,893204,1,14.66,90035821938206241931622535856
2021-06-01,893394,1,37.45,90980804422231487471622543016
2021-06-01,893396,1,23.92,9197658006218749591622542131
2021-06-01,893922,0,67.18,14501924320569237531622570603
2021-06-01,893246,1,39.4,155007345708596419381622535791
2021-06-01,893012,1,335.72,23380384292843645891622498638
2021-06-01,893666,0,100.4,23663502695837925401622555519
2021-06-01,893639,0,100.4,
2021-06-01,893505,1,13.56,23719111183610766001622549371
2021-06-01,893725,0,21.08,39535487250820174131622560397
2021-06-01,893221,0,51.73,55011460788715986141622536358
2021-06-01,894122,1,34.42,66209606784813973261622574673
2021-06-01,893468,1,45.23,67550505710731528811622547300
2021-06-01,894088,1,9.16,81958259550001925341622576665
2021-06-01,893325,1,13.66,2283975104962229731622540032
2021-06-01,893672,1,37.46,28694366252364097251622556041
2021-06-01,893495,0,27.33,35223896026192457161622546646
2021-06-01,893160,0,36.44,50233353652383088691622533690
2021-06-01,893607,1,90.84,54430925993650558531622553972
2021-06-01,893139,0,67.08,58298972939130114921622532206
2021-06-01,893446,0,72.77,6126605249903622901622546498
2021-06-01,893189,0,125.29,6925906480656492061622534814
2021-06-01,893563,1,17.6,85388603414802045201622551467
2021-06-01,893614,1,48.21,98059052148798709551622554017
2021-06-01,893268,0,49.02,11653675526428616981622538135
2021-06-01,893535,0,50.67,14019522956799056741622549292
2021-06-01,893803,1,132.22,18076859118401159611622564139
2021-06-01,893376,1,36.19,3059159321123822231622541143
2021-06-01,893606,1,62.37,3071939811810520871622552613
2021-06-01,893247,1,17.86,34100766545064711701622535942
2021-06-01,893433,0,47.7,35928906747403223251622545334
2021-06-01,893395,1,21.12,61369215750728049201622542849
2021-06-01,893223,1,34.76,77401980473707429301622536278
2021-06-01,893548,1,114.61,88317878398976097241622550104
2021-06-01,893629,1,59.86,10336035591264934961622555224
2021-06-01,893257,1,48.53,20324211149852274841622536345
2021-06-01,893850,1,46.56,42105446945954547331622566128
2021-06-01,893967,0,53.16,6186457466136482561622571906
2021-06-01,893176,1,88.99,68434341303641577691622534250
2021-06-01,893812,0,96.82,697238048505261321622563634
2021-06-01,893351,0,35.55,75375656478577531801622541349
2021-06-01,893524,1,8.75,39916613414487426661622550288
2021-06-01,893498,1,117.21,40227992487543494181622548021
2021-06-01,894047,0,86.92,50077821805583751711622575374
2021-06-01,893051,1,46.05,59125005144265702841622525566
2021-06-01,894116,0,86.83,62632103081123612171622578221
2021-06-01,893225,0,45.21,62694065414461498571622536477
2021-06-01,893412,0,101.91,62886645778153339371622544171
2021-06-01,893045,0,88.27,63041062479723069831622524277
2021-06-01,894201,0,94.4,9884020752668096211622580812
2021-06-01,893089,0,97.82,1215465410122114811622529823
2021-06-01,893259,0,121.21,19047784450373697301622536300
2021-06-01,893025,0,201.9,69943155025530865271622519825
2021-06-01,893091,1,64.01,25975572153086484641622530583
2021-06-01,893172,1,106.73,43904907847779331141622532759
2021-06-01,893014,0,71.38,51452910861626510101622501254
2021-06-01,893742,1,28.04,56254817485443416521622559807
2021-06-01,894145,1,76.24,7501498949404022041622578947
2021-06-01,894252,1,,
2021-06-01,894249,1,,
2021-06-01,894248,0,,
2021-06-01,894246,0,,
2021-06-01,894244,1,,
2021-06-01,894243,0,,
2021-06-01,894242,0,,
2021-06-01,894241,0,,
2021-06-01,894239,1,,
2021-06-01,894238,1,,
2021-06-01,894237,0,,
2021-06-01,894236,1,,
2021-06-01,894235,1,,
2021-06-01,894232,0,,
2021-06-01,894231,1,,
2021-06-01,894230,1,,
2021-06-01,894228,0,,
2021-06-01,894227,1,,
2021-06-01,894225,0,,
2021-06-01,894222,0,,
2021-06-01,894221,1,,
2021-06-01,894219,1,,
2021-06-01,894216,1,,
2021-06-01,894211,1,,
2021-06-01,894210,1,,
2021-06-01,894205,0,,
2021-06-01,894202,1,,
2021-06-01,894200,1,,
2021-06-01,894199,0,,
2021-06-01,894197,0,,
2021-06-01,894196,0,,
2021-06-01,894187,0,,
2021-06-01,894180,1,,
2021-06-01,894178,0,,
2021-06-01,894177,0,,
2021-06-01,894172,1,,
2021-06-01,894167,1,,
2021-06-01,894164,0,,
2021-06-01,894161,0,,
2021-06-01,894157,0,,
2021-06-01,894149,0,,
2021-06-01,894147,0,,
2021-06-01,894142,0,,
2021-06-01,894141,1,,
2021-06-01,894134,1,,
2021-06-01,894132,0,,
2021-06-01,894131,1,,
2021-06-01,894128,0,,
2021-06-01,894127,0,,
2021-06-01,894126,1,,
2021-06-01,894124,0,,
2021-06-01,894118,0,,
2021-06-01,894117,0,,
2021-06-01,894115,1,,
2021-06-01,894113,0,,
2021-06-01,894112,0,,
2021-06-01,894111,0,,
2021-06-01,894110,1,,
2021-06-01,894108,1,,
2021-06-01,894106,1,,
2021-06-01,894104,0,,
2021-06-01,894103,1,,
2021-06-01,894100,0,,
2021-06-01,894099,0,,
2021-06-01,894098,1,,
2021-06-01,894094,1,,
2021-06-01,894093,1,,
2021-06-01,894092,1,,
2021-06-01,894087,0,,
2021-06-01,894085,0,,
2021-06-01,894084,1,,
2021-06-01,894083,0,,
2021-06-01,894080,1,,
2021-06-01,894079,1,,
2021-06-01,894074,0,,
2021-06-01,894073,0,,
2021-06-01,894072,0,,
2021-06-01,894070,0,,
2021-06-01,894069,1,,
2021-06-01,894068,0,,
2021-06-01,894067,0,,
2021-06-01,894066,0,,
2021-06-01,894064,0,,
2021-06-01,894063,1,,
2021-06-01,894062,0,,
2021-06-01,894060,0,,
2021-06-01,894059,1,,
2021-06-01,894056,0,,
2021-06-01,894054,1,,
2021-06-01,894051,1,,
2021-06-01,894048,1,,
2021-06-01,894046,1,,
2021-06-01,894043,0,,
2021-06-01,894037,1,,
2021-06-01,894034,1,,
2021-06-01,894033,0,,
2021-06-01,894031,0,,
2021-06-01,894030,0,,
2021-06-01,894029,0,,
2021-06-01,894028,1,,
2021-06-01,894025,0,,
2021-06-01,894024,0,,
2021-06-01,894023,1,,
2021-06-01,894021,1,,
2021-06-01,894020,1,,
2021-06-01,894019,0,,
2021-06-01,894016,0,,
2021-06-01,894015,0,,
2021-06-01,894014,0,,
2021-06-01,894012,1,,
2021-06-01,894011,0,,
2021-06-01,894006,0,,
2021-06-01,894005,0,,
2021-06-01,894004,0,,
2021-06-01,894002,1,,
2021-06-01,894001,1,,
2021-06-01,893997,1,,
2021-06-01,893996,0,,
2021-06-01,893990,1,,
2021-06-01,893982,0,,
2021-06-01,893979,0,,
2021-06-01,893975,1,,
2021-06-01,893974,1,,
2021-06-01,893973,1,,
2021-06-01,893971,0,,
2021-06-01,893970,0,,
2021-06-01,893969,0,,
2021-06-01,893966,1,,
2021-06-01,893965,0,,
2021-06-01,893955,0,,
2021-06-01,893953,0,,
2021-06-01,893951,1,,
2021-06-01,893948,0,,
2021-06-01,893947,1,,
2021-06-01,893946,0,,
2021-06-01,893945,0,,
2021-06-01,893944,0,,
2021-06-01,893942,0,,
2021-06-01,893941,0,,
2021-06-01,893937,1,,
2021-06-01,893932,0,,
2021-06-01,893930,1,,
2021-06-01,893927,1,,
2021-06-01,893926,1,,
2021-06-01,893924,1,,
2021-06-01,893923,0,,
2021-06-01,893919,1,,
2021-06-01,893916,1,,
2021-06-01,893913,1,,
2021-06-01,893912,1,,
2021-06-01,893909,0,,
2021-06-01,893906,0,,
2021-06-01,893902,0,,
2021-06-01,893899,0,,
2021-06-01,893898,1,,
2021-06-01,893897,1,,
2021-06-01,893895,0,,
2021-06-01,893894,0,,
2021-06-01,893891,0,,
2021-06-01,893890,0,,
2021-06-01,893887,0,,
2021-06-01,893886,0,,
2021-06-01,893885,1,,
2021-06-01,893884,0,,
2021-06-01,893883,1,,
2021-06-01,893882,0,,
2021-06-01,893881,0,,
2021-06-01,893879,1,,
2021-06-01,893875,0,,
2021-06-01,893874,1,,
2021-06-01,893870,1,,
2021-06-01,893869,1,,
2021-06-01,893867,1,,
2021-06-01,893864,0,,
2021-06-01,893863,0,,
2021-06-01,893862,0,,
2021-06-01,893860,0,,
2021-06-01,893856,0,,
2021-06-01,893855,1,,
2021-06-01,893853,1,,
2021-06-01,893852,1,,
2021-06-01,893849,0,,
2021-06-01,893847,0,,
2021-06-01,893845,0,,
2021-06-01,893843,1,,
2021-06-01,893840,0,,
2021-06-01,893836,0,,
2021-06-01,893831,1,,
2021-06-01,893830,1,,
2021-06-01,893828,1,,
2021-06-01,893827,1,,
2021-06-01,893826,0,,
2021-06-01,893814,1,,
2021-06-01,893810,0,,
2021-06-01,893809,1,,
2021-06-01,893807,1,,
2021-06-01,893806,1,,
2021-06-01,893801,0,,
2021-06-01,893800,1,,
2021-06-01,893799,1,,
2021-06-01,893797,0,,
2021-06-01,893794,1,,
2021-06-01,893792,0,,
2021-06-01,893791,1,,
2021-06-01,893789,1,,
2021-06-01,893788,1,,
2021-06-01,893785,1,,
2021-06-01,893780,1,,
2021-06-01,893779,0,,
2021-06-01,893778,0,,
2021-06-01,893776,1,,
2021-06-01,893775,1,,
2021-06-01,893773,1,,
2021-06-01,893771,0,,
2021-06-01,893770,0,,
2021-06-01,893768,0,,
2021-06-01,893766,0,,
2021-06-01,893764,0,,
2021-06-01,893760,1,,
2021-06-01,893759,0,,
2021-06-01,893757,1,,
2021-06-01,893755,1,,
2021-06-01,893754,1,,
2021-06-01,893753,0,,
2021-06-01,893750,0,,
2021-06-01,893740,1,,
2021-06-01,893728,0,,
2021-06-01,893722,0,,
2021-06-01,893721,1,,
2021-06-01,893718,0,,
2021-06-01,893714,1,,
2021-06-01,893712,1,,
2021-06-01,893711,1,,
2021-06-01,893707,0,,
2021-06-01,893706,0,,
2021-06-01,893703,1,,
2021-06-01,893700,1,,
2021-06-01,893699,0,,
2021-06-01,893698,1,,
2021-06-01,893697,1,,
2021-06-01,893694,0,,
2021-06-01,893688,0,,
2021-06-01,893687,0,,
2021-06-01,893686,0,,
2021-06-01,893685,0,,
2021-06-01,893682,0,,
2021-06-01,893681,0,,
2021-06-01,893678,0,,
2021-06-01,893677,1,,
2021-06-01,893676,0,,
2021-06-01,893674,0,,
2021-06-01,893670,0,,
2021-06-01,893669,1,,
2021-06-01,893667,1,,
2021-06-01,893662,0,,
2021-06-01,893661,0,,
2021-06-01,893659,0,,
2021-06-01,893658,0,,
2021-06-01,893657,0,,
2021-06-01,893655,1,,
2021-06-01,893654,0,,
2021-06-01,893652,0,,
2021-06-01,893651,0,,
2021-06-01,893645,0,,
2021-06-01,893642,0,,
2021-06-01,893640,0,,
2021-06-01,893637,1,,
2021-06-01,893633,0,,
2021-06-01,893630,1,,
2021-06-01,893628,1,,
2021-06-01,893627,0,,
2021-06-01,893623,0,,
2021-06-01,893622,0,,
2021-06-01,893620,1,,
2021-06-01,893619,0,,
2021-06-01,893612,1,,
2021-06-01,893609,0,,
2021-06-01,893605,0,,
2021-06-01,893604,1,,
2021-06-01,893602,0,,
2021-06-01,893600,1,,
2021-06-01,893597,0,,
2021-06-01,893596,0,,
2021-06-01,893595,0,,
2021-06-01,893593,1,,
2021-06-01,893592,0,,
2021-06-01,893589,1,,
2021-06-01,893586,1,,
2021-06-01,893582,0,,
2021-06-01,893581,1,,
2021-06-01,893579,1,,
2021-06-01,893577,0,,
2021-06-01,893576,0,,
2021-06-01,893574,1,,
2021-06-01,893571,0,,
2021-06-01,893567,0,,
2021-06-01,893564,0,,
2021-06-01,893562,0,,
2021-06-01,893558,0,,
2021-06-01,893557,1,,
2021-06-01,893553,1,,
2021-06-01,893552,0,,
2021-06-01,893550,0,,
2021-06-01,893549,1,,
2021-06-01,893546,0,,
2021-06-01,893544,1,,
2021-06-01,893543,0,,
2021-06-01,893540,0,,
2021-06-01,893539,1,,
2021-06-01,893538,0,,
2021-06-01,893532,1,,
2021-06-01,893526,1,,
2021-06-01,893523,1,,
2021-06-01,893522,0,,
2021-06-01,893518,1,,
2021-06-01,893516,1,,
2021-06-01,893515,0,,
2021-06-01,893514,0,,
2021-06-01,893513,1,,
2021-06-01,893510,0,,
2021-06-01,893504,0,,
2021-06-01,893503,1,,
2021-06-01,893497,0,,
2021-06-01,893494,0,,
2021-06-01,893488,1,,
2021-06-01,893484,1,,
2021-06-01,893481,1,,
2021-06-01,893480,0,,
2021-06-01,893474,1,,
2021-06-01,893472,0,,
2021-06-01,893471,0,,
2021-06-01,893469,0,,
2021-06-01,893467,1,,
2021-06-01,893464,1,,
2021-06-01,893462,0,,
2021-06-01,893459,1,,
2021-06-01,893458,1,,
2021-06-01,893456,1,,
2021-06-01,893455,1,,
2021-06-01,893454,0,,
2021-06-01,893453,0,,
2021-06-01,893452,0,,
2021-06-01,893450,1,,
2021-06-01,893448,0,,
2021-06-01,893447,0,,
2021-06-01,893443,0,,
2021-06-01,893441,1,,
2021-06-01,893437,1,,
2021-06-01,893435,1,,
2021-06-01,893431,0,,
2021-06-01,893428,1,,
2021-06-01,893426,1,,
2021-06-01,893424,0,,
2021-06-01,893420,1,,
2021-06-01,893419,0,,
2021-06-01,893413,0,,
2021-06-01,893406,1,,
2021-06-01,893405,1,,
2021-06-01,893402,1,,
2021-06-01,893400,1,,
2021-06-01,893398,1,,
2021-06-01,893397,0,,
2021-06-01,893389,1,,
2021-06-01,893387,0,,
2021-06-01,893386,1,,
2021-06-01,893384,0,,
2021-06-01,893381,1,,
2021-06-01,893377,0,,
2021-06-01,893372,1,,
2021-06-01,893371,1,,
2021-06-01,893369,0,,
2021-06-01,893359,0,,
2021-06-01,893358,1,,
2021-06-01,893355,1,,
2021-06-01,893354,0,,
2021-06-01,893353,1,,
2021-06-01,893352,0,,
2021-06-01,893350,0,,
2021-06-01,893345,1,,
2021-06-01,893344,0,,
2021-06-01,893340,1,,
2021-06-01,893337,0,,
2021-06-01,893331,1,,
2021-06-01,893329,0,,
2021-06-01,893327,1,,
2021-06-01,893326,0,,
2021-06-01,893323,0,,
2021-06-01,893322,1,,
2021-06-01,893320,0,,
2021-06-01,893319,1,,
2021-06-01,893318,1,,
2021-06-01,893316,0,,
2021-06-01,893310,1,,
2021-06-01,893301,0,,
2021-06-01,893297,0,,
2021-06-01,893295,0,,
2021-06-01,893293,0,,
2021-06-01,893288,1,,
2021-06-01,893286,0,,
2021-06-01,893284,0,,
2021-06-01,893283,0,,
2021-06-01,893280,0,,
2021-06-01,893279,0,,
2021-06-01,893275,1,,
2021-06-01,893273,0,,
2021-06-01,893272,1,,
2021-06-01,893271,0,,
2021-06-01,893269,0,,
2021-06-01,893263,1,,
2021-06-01,893260,0,,
2021-06-01,893258,0,,
2021-06-01,893256,0,,
2021-06-01,893254,1,,
2021-06-01,893252,0,,
2021-06-01,893242,0,,
2021-06-01,893241,1,,
2021-06-01,893240,1,,
2021-06-01,893237,0,,
2021-06-01,893236,0,,
2021-06-01,893233,1,,
2021-06-01,893231,1,,
2021-06-01,893230,0,,
2021-06-01,893226,1,,
2021-06-01,893220,1,,
2021-06-01,893218,1,,
2021-06-01,893216,0,,
2021-06-01,893214,0,,
2021-06-01,893213,0,,
2021-06-01,893212,1,,
2021-06-01,893211,1,,
2021-06-01,893207,0,,
2021-06-01,893206,1,,
2021-06-01,893205,0,,
2021-06-01,893200,1,,
2021-06-01,893198,0,,
2021-06-01,893193,1,,
2021-06-01,893188,1,,
2021-06-01,893187,1,,
2021-06-01,893186,1,,
2021-06-01,893184,0,,
2021-06-01,893183,0,,
2021-06-01,893182,1,,
2021-06-01,893180,1,,
2021-06-01,893178,0,,
2021-06-01,893175,1,,
2021-06-01,893174,1,,
2021-06-01,893169,0,,
2021-06-01,893168,0,,
2021-06-01,893167,0,,
2021-06-01,893163,1,,
2021-06-01,893162,1,,
2021-06-01,893158,0,,
2021-06-01,893157,0,,
2021-06-01,893155,1,,
2021-06-01,893153,1,,
2021-06-01,893152,0,,
2021-06-01,893150,0,,
2021-06-01,893148,0,,
2021-06-01,893145,1,,
2021-06-01,893144,0,,
2021-06-01,893143,0,,
2021-06-01,893129,1,,
2021-06-01,893128,1,,
2021-06-01,893124,0,,
2021-06-01,893114,1,,
2021-06-01,893113,1,,
2021-06-01,893109,0,,
2021-06-01,893108,1,,
2021-06-01,893107,0,,
2021-06-01,893106,0,,
2021-06-01,893103,0,,
2021-06-01,893096,1,,
2021-06-01,893095,0,,
2021-06-01,893094,1,,
2021-06-01,893093,0,,
2021-06-01,893090,0,,
2021-06-01,893085,0,,
2021-06-01,893083,1,,
2021-06-01,893082,0,,
2021-06-01,893081,0,,
2021-06-01,893080,1,,
2021-06-01,893079,0,,
2021-06-01,893078,0,,
2021-06-01,893077,0,,
2021-06-01,893074,1,,
2021-06-01,893073,0,,
2021-06-01,893072,0,,
2021-06-01,893070,1,,
2021-06-01,893069,0,,
2021-06-01,893066,0,,
2021-06-01,893063,1,,
2021-06-01,893055,0,,
2021-06-01,893053,1,,
2021-06-01,893046,1,,
2021-06-01,893044,0,,
2021-06-01,893042,1,,
2021-06-01,893036,1,,
2021-06-01,893034,1,,
2021-06-01,893032,0,,
2021-06-01,893027,0,,
2021-06-01,893024,1,,
2021-06-01,893020,1,,
2021-06-01,893018,1,,
2021-06-01,893017,1,,
2021-06-01,893016,1,,
2021-06-01,893015,0,,
2021-06-01,893013,1,,
2021-06-01,893010,0,,
2021-06-01,893009,0,,
2021-06-01,893007,0,,
2021-06-01,893006,1,,
2021-06-01,893005,0,,
2021-06-01,893004,0,,
2021-06-01,893003,0,,
2021-06-01,893002,1,,
2021-06-01,893001,0,,
2021-06-01,893000,1,,
2021-06-01,892998,0,,
2021-06-01,892995,1,,
2021-06-01,892994,0,,
2021-06-01,893933,0,55.7,140282068243032455521622570731
2021-06-01,893438,1,54.69,34802820353080742091622545635
2021-06-01,893164,1,50.81,61189424493904886691622533315
2021-06-01,893904,1,37.31,74987272679335168971622570083
2021-06-01,894027,1,35.13,77331475020722039581622575804
2021-06-01,893560,1,22.94,77771161130734823481622551260
2021-06-01,893590,0,45.37,81428062587682934651622552157
2021-06-01,893430,1,149.31,14118783130044990001622540352
2021-06-01,893076,0,36.86,14139416797176989291622528793
2021-06-01,893823,0,43.31,15606696424271027381622564957
2021-06-01,894136,1,66.9,27782599585036839011622577753
2021-06-01,894057,1,55.83,51910011002441269901622576366
2021-06-01,893615,1,113.43,53273615573396375971622553778
2021-06-01,893149,1,72.79,73812503775483094131622529938
2021-06-01,893161,0,35.46,79291424333400565081622533060
2021-06-01,893691,0,57.32,82508569199921007371622558012
2021-06-01,894044,1,117.62,10145396356370829001622574607
2021-06-01,893142,0,43.04,21115007443285091251622532667
2021-06-01,893060,1,48.45,23597778744001869061622525471
2021-06-01,893238,1,52.43,46372400317814764541622535908
2021-06-01,893781,0,94.17,63703205132081412921622562484
2021-06-01,893819,1,82.41,19716385616937388311622565032
2021-06-01,893058,1,51.88,22294075609284101861622525711
2021-06-01,893585,0,42.92,33102011800572894071622551304
2021-06-01,893390,1,81.98,37756601003204590551622542803
2021-06-01,893374,0,32.22,41024365022920061481622542253
2021-06-01,893054,0,19.78,50396318455486762801622525880
2021-06-01,893650,1,38.92,52468137464162117571622555817
2021-06-01,894003,0,191.81,56710026465760178301622573586
2021-06-01,893388,0,34.08,82573318108166274431622542935
2021-06-01,893461,1,70.17,8354863789612217191622546556
2021-06-01,894065,0,97.97,10866097752746588821622576196
2021-06-01,893824,0,33.21,15718781833108446731622563429
2021-06-01,894156,0,22.65,2148200408368146001622578954
2021-06-01,894224,0,140.33,22137589635410378841622580982
2021-06-01,893422,1,35.23,82390725218666071631622544685
2021-06-01,893613,0,86.79,23735851334043028151622552097
2021-06-01,893959,0,95.5,75877162630024026231622568712
2021-06-01,893475,1,45.12,12618909769220813231622547607
2021-06-01,893059,0,60.58,22194073786998869451622526217
2021-06-01,894101,1,84.3,23260873950125733161622576311
2021-06-01,893416,0,82.9,49989586512838191951622543005
2021-06-01,893097,1,34.91,56104491955058146781622530311
2021-06-01,893878,0,147.01,62095551671759257711622564879
2021-06-01,894125,0,117.78,80340721265014667731622577254
2021-06-01,893708,1,41.27,86904561557015912371622559045
2021-06-01,894226,1,144.2,12201170082853603411622580076
2021-06-01,893999,0,52.9,1373095820895226581622574470
2021-06-01,893235,0,16.87,19884286067861013991622536534
2021-06-01,893671,1,49.39,76941831764896241961622555394
2021-06-01,893796,1,78.41,76955087365605820061622562884
2021-06-01,894026,1,149.69,91754960294307649021622572610
2021-06-01,893425,1,58.65,27093791928545123781622543307
2021-06-01,893121,1,44.24,34204953775831692691622531829
2021-06-01,893752,0,217.5,45409262663299670081622560514
2021-06-01,893382,0,39.8,59301083384434248201622539661
2021-06-01,894121,1,24.63,67667968212980585261622578470
2021-06-01,893071,1,114.2,71706367219417599791622525938
2021-06-01,893270,1,60.32,8805211468607154001622536618
2021-06-01,894168,0,191.99,20436742256537500631622579505
2021-06-01,894152,0,86.69,48120610019159960531622579096
2021-06-01,893088,0,30.56,70237902396047963361622529935
2021-06-01,893110,1,86.81,72241847034417169211622531840
2021-06-01,893264,0,45.74,85163566756511009981622537226
2021-06-01,893784,0,85.51,8585173765820824821622562190
2021-06-01,894000,0,18.37,89105820772238120041622574452
2021-06-01,893243,1,70.62,35205219704512525091622536301
2021-06-01,893861,0,69.39,40023144838404718861622561625
2021-06-01,893364,0,139.8,42369470697473406321622541051
2021-06-01,893980,0,50.57,57978912491631087471622573454
2021-06-01,893710,0,69.35,62294577192080692131622558819
2021-06-01,893617,0,90.58,78540616719203948031622554250
2021-06-01,893646,1,61.69,7880849809885796731622555309
2021-06-01,893519,0,36.74,89268546131222945861622549309
2021-06-01,894095,0,30.02,124069415464272418311622577449
2021-06-01,894251,1,137.2,3243701653304081441622584841
2021-06-01,894233,0,44.38,59295387398726642801622579121
2021-06-01,893533,1,83.97,73349392355613288941622549996
2021-06-01,893816,0,154.4,76259672460204946351622564237
2021-06-01,893033,0,91.05,8495224265746499811622522494
2021-06-01,893978,1,116.82,16895358325841873421622573721
2021-06-01,893123,0,102.5,30694104786317665331622529480
2021-06-01,893261,1,67.71,35066057223178244191622535643
2021-06-01,893470,1,182.5,55604898052092901161622547256
2021-06-01,894109,1,92.84,68208495516355398001622575107
2021-06-01,893994,0,73.68,91750298193288562931622573286
2021-06-01,893643,1,70.82,147618115713433422431622553807
2021-06-01,893601,0,70.82,
2021-06-01,893598,0,13.74,167388654500741783071622553903
2021-06-01,893403,1,28.9,24883716519681046711622538467
2021-06-01,893839,0,45.98,36219404376661017891622566806
2021-06-01,893294,0,35.25,44627902499028023241622538613
2021-06-01,893008,1,58.57,56160269320953224311622500569
2021-06-01,893321,0,66.94,61734691483075545341622538474
2021-06-01,893529,1,62.19,78031391824754853371622548908
2021-06-01,894018,0,85.52,78535018401448590941622573428
2021-06-02,895107,1,56.49,13836925514693837881622654798
2021-06-02,894689,1,79.04,147646795570723886341622633879
2021-06-02,894734,0,37.73,184159389512485247781622636061
2021-06-02,894543,0,35.08,22708608586911260911622624799
2021-06-02,894705,1,21.06,47388500459166115931622633608
2021-06-02,894898,0,50.41,56168089253762278941622642994
2021-06-02,895392,1,123.45,61712515192181343081622669298
2021-06-02,895016,0,32.5,83189754577891782271622648274
2021-06-02,894700,0,83.61,27462798210002426211622634313
2021-06-02,895227,1,108.13,62683194336464484981622660290
2021-06-02,894719,1,30.56,72917322038661246171622634831
2021-06-02,895311,1,78.16,75574346733888713941622664176
2021-06-02,894823,1,70.94,12064747232987673921622639707
2021-06-02,894673,0,120.2,15833519617195687391622633231
2021-06-02,894261,1,24.95,3142552338878005371622585048
2021-06-02,894774,1,29.01,33243319274092280241622636794
2021-06-02,894738,1,52.83,54295355393902801071622640092
2021-06-02,895124,1,245.14,57623549216825828251622654913
2021-06-02,894879,1,33.92,61717791216264517651622642486
2021-06-02,894641,0,98.52,63304535788204352091622631371
2021-06-02,894325,1,13.19,86828302522380983781622613833
2021-06-02,895178,1,47.25,88099804097402502141622658153
2021-06-02,894812,0,70.17,90222779974816566551622638930
2021-06-02,894397,1,15.57,11891204354929588081622618713
2021-06-02,895149,1,65.57,65570259327520937061622658079
2021-06-02,895084,1,43.87,68241208700904776731622653284
2021-06-02,895032,0,36.4,69270992256799882401622650568
2021-06-02,895315,0,12.45,75359563837577162521622665512
2021-06-02,895279,1,132.15,13684523925408563781622662089
2021-06-02,894711,1,74.75,24040916418627650441622634591
2021-06-02,894962,0,44.95,30286233904214542961622645811
2021-06-02,895155,1,31.16,38976845149596839831622658406
2021-06-02,894822,1,89.29,70970227621692051622638664
2021-06-02,895286,1,94.37,82436637173488189911622662514
2021-06-02,894469,0,114.12,9917686467095618821622622358
2021-06-02,895317,1,146.8,23299133304114088101622664803
2021-06-02,895259,1,40.59,70408881393363510141622663187
2021-06-02,894265,0,25.43,73355355230509906341622585557
2021-06-02,894460,1,52.01,78517013726745878971622621436
2021-06-02,894685,1,12.23,87140468691372709781622634117
2021-06-02,894795,1,117.88,18840041606791449401622636813
2021-06-02,895126,1,31.75,27822233457336745631622657279
2021-06-02,895289,1,67.83,30427186269620425401622662170
2021-06-02,894867,1,37.88,37829445796112331571622641543
2021-06-02,894915,1,162.43,55692750319648365741622643684
2021-06-02,894640,1,53.82,56280738772741610571622630993
2021-06-02,894800,0,138.63,77525283229514680521622634446
2021-06-02,895207,1,20.76,10641797724278518501622661206
2021-06-02,895181,1,35.35,119992507187635191651622660835
2021-06-02,894680,1,43.66,54649829696162795991622633938
2021-06-02,895213,1,59.59,68518285021620598421622660007
2021-06-02,894253,0,56.6,19664071131183112071622584804
2021-06-02,894865,0,132.4,25083413428880770801622640486
2021-06-02,895039,0,39.0,54733344175790279121622650315
2021-06-02,894657,0,53.09,67374805427332206171622632312
2021-06-02,894525,0,112.5,27713698474188595251622623797
2021-06-02,894423,0,83.04,31224491199641103541622620036
2021-06-02,894698,0,27.75,40568259553583044741622632675
2021-06-02,894452,1,62.13,45194976952465355601622621588
2021-06-02,894810,0,80.68,59886278133060051481622637225
2021-06-02,894821,1,18.02,62012182628360515291622639442
2021-06-02,895104,1,118.14,64642019699746255511622656274
2021-06-02,894950,0,124.6,77698109921735341691622645162
2021-06-02,894605,1,104.96,84121828150814134901622626759
2021-06-02,894302,0,22.2,86790501270154103011622610467
2021-06-02,894290,1,99.52,1204898244385189551622606724
2021-06-02,894931,1,46.05,2825419212033975351622644764
2021-06-02,895177,1,89.18,37948686457553979711622660581
2021-06-02,894654,1,97.54,41190525797090819601622631749
2021-06-02,894890,0,88.74,5832897218619314641622639051
2021-06-02,894286,0,29.1,69315799761123952911622604005
2021-06-02,895387,1,38.0,72569594571480090851622669952
2021-06-02,895218,0,44.76,75722030773525270231622660170
2021-06-02,894742,1,138.68,8820107617925507181622636354
2021-06-02,894256,0,74.52,91716972124699790511622584820
2021-06-02,894349,0,45.88,11516429417100825121622614483
2021-06-02,895185,1,46.94,22439485549612356351622659536
2021-06-02,895288,1,80.88,33342775125936582911622664764
2021-06-02,894430,0,103.53,41995754254383977421622619445
2021-06-02,894421,1,13.46,67941098927740354181622620308
2021-06-02,895380,0,99.47,78630665218597825561622669283
2021-06-02,894364,1,108.59,8187271846405012551622616577
2021-06-02,895057,0,82.12,16254813560432150421622651800
2021-06-02,894704,1,60.18,24751070234213435791622634114
2021-06-02,895135,0,23.6,46084292699684160721622658272
2021-06-02,894635,0,51.01,76062397482804583161622630055
2021-06-02,894463,0,67.37,834287148502129521622621610
2021-06-02,894753,1,15.27,123846745648199019641622636861
2021-06-02,895221,0,91.27,22751340633778282191622660152
2021-06-02,894856,1,30.69,55812843317437875011622641191
2021-06-02,895117,1,52.12,69192082970177539721622656694
2021-06-02,894749,1,45.71,14183289544512263631622634246
2021-06-02,895251,0,109.22,4086635070221105711622663022
2021-06-02,895196,0,85.45,43249435665985550691622660316
2021-06-02,895174,0,77.07,45710086122744399011622657261
2021-06-02,895072,1,104.42,49716234049422131031622653106
2021-06-02,894858,1,75.79,71594426927958184001622632597
2021-06-02,894386,1,60.61,7513948749643627411622618686
2021-06-02,894796,1,38.27,81373615287088154971622637333
2021-06-02,895312,1,79.49,82298941853478855571622663803
2021-06-02,894511,0,83.1,48741684194495161191622623893
2021-06-02,895208,0,72.64,53076292363600424641622661091
2021-06-02,894516,0,163.83,5521421551748564341622623991
2021-06-02,894975,0,106.43,57199604290590672251622647308
2021-06-02,895112,1,90.94,61801122271544749081622656717
2021-06-02,894404,0,285.2,72155391490268585551622618574
2021-06-02,894541,0,33.79,14074765642316212781622624932
2021-06-02,894639,1,84.22,20212361482683160761622630704
2021-06-02,894583,1,40.91,23250728378348218711622626064
2021-06-02,894409,0,87.27,28493446050098631431622618547
2021-06-02,894569,0,148.41,30136483427023124621622626914
2021-06-02,894802,0,41.37,41074564729525688701622637611
2021-06-02,894486,1,92.45,42259309510844261521622623146
2021-06-02,894482,0,79.92,68226391743243208711622622959
2021-06-02,894512,1,47.87,71895357042620644101622632074
2021-06-02,895164,1,137.75,83295301423506258291622658087
2021-06-02,894656,0,222.26,8530914155457922621622631842
2021-06-02,894395,0,22.38,11270376889693400451622618470
2021-06-02,894941,0,74.37,1522895819095777201622642447
2021-06-02,894416,0,35.75,22385449191671860561622619286
2021-06-02,895175,1,25.27,35639600155527618871622659106
2021-06-02,894668,1,26.43,85113455955149812461622631239
2021-06-02,894617,0,37.3,26834885931365378921622626600
2021-06-02,895265,0,72.07,61535392072643046871622659451
2021-06-02,894563,0,38.65,7180347387018809891622626255
2021-06-02,895179,0,88.59,78783336574196419191622658718
2021-06-02,894649,1,81.74,79316579613197336941622631882
2021-06-02,894573,0,41.08,13621951277568682441622624929
2021-06-02,894314,0,32.94,25463159619966140101622612390
2021-06-02,895339,0,86.04,46728645907762334121622666697
2021-06-02,894379,0,15.35,49457371603098119551622617638
2021-06-02,894363,0,110.08,69914961013368686491622616191
2021-06-02,894535,1,112.29,70822877199496875721622623141
2021-06-02,894556,0,118.69,70825809846112616501622625500
2021-06-02,895070,1,80.93,89957982699523830281622653407
2021-06-02,894747,0,18.76,9177542140687280031622635812
2021-06-02,895352,0,32.67,181804359056418000751622665765
2021-06-02,895389,0,72.3,34566255401246521291622670359
2021-06-02,894417,0,40.02,43497977649505473781622619850
2021-06-02,894785,1,35.65,48223482474538908751622636863
2021-06-02,894759,1,47.6,170180167504517646861622635629
2021-06-02,895025,1,185.75,24986696263343581731622649506
2021-06-02,894687,1,32.9,41760841146948182811622633226
2021-06-02,895065,0,36.11,66414368019162227971622653341
2021-06-02,894806,0,161.11,78303524431601390041622639246
2021-06-02,895330,0,35.43,111473882680895160841622666596
2021-06-02,894484,1,172.26,20292541435208388281622623105
2021-06-02,895238,0,32.57,33131488075280429061622662292
2021-06-02,894504,0,82.45,4960149126485275091622623308
2021-06-02,895194,1,41.63,75230377234186895551622660834
2021-06-02,894942,0,63.69,83981742853524650201622645360
2021-06-02,894967,0,22.0,13407805195977649681622647078
2021-06-02,894351,1,30.18,1388272989738467481622613881
2021-06-02,894562,0,236.78,30271980196283812901622623706
2021-06-02,895169,0,135.44,34897084362438800681622658195
2021-06-02,894631,0,71.65,55234225366383559501622628898
2021-06-02,894298,1,50.41,60743581443376884851622610113
2021-06-02,895168,1,41.3,66040321808409883191622660051
2021-06-02,895093,0,52.13,76810203644457110001622654227
2021-06-02,894311,0,144.6,11269518361503376091622609999
2021-06-02,894992,0,50.73,1475685882176208761622645135
2021-06-02,895234,1,47.55,20201110644053653371622659701
2021-06-02,895020,0,85.14,32320894516637207951622648520
2021-06-02,894873,1,24.54,38317851481099412611622634786
2021-06-02,895308,0,77.75,59695623632943746911622664035
2021-06-02,895304,1,56.29,72973449444379778021622663887
2021-06-02,894881,0,95.24,9654969416824903921622642213
2021-06-02,894745,1,58.27,141447610530102191361622636294
2021-06-02,894920,0,147.21,1455176425446913211622644205
2021-06-02,894585,1,140.33,15066672404994884691622627161
2021-06-02,894329,1,59.02,19553639857414891131622613942
2021-06-02,894572,0,52.07,62397495431461112811622625549
2021-06-02,894357,0,12.61,84365337892765772261622615375
2021-06-02,894990,0,15.67,46639232849097297641622648811
2021-06-02,895291,0,67.65,68256565907208205991622664569
2021-06-02,895061,0,89.01,68732945339886541611622646637
2021-06-02,895333,0,17.57,43656281210499914621622666223
2021-06-02,894356,0,39.84,48044117295825149411622615797
2021-06-02,895386,0,47.6,64952640238628355081622669626
2021-06-02,894489,0,62.23,74799824415159258501622622562
2021-06-02,894638,0,76.16,76535977456051871761622629513
2021-06-02,894626,1,88.98,79327813443790882421622630361
2021-06-02,895148,1,35.08,8305887289703016561622659291
2021-06-02,894309,1,59.07,177875832276447274951622611961
2021-06-02,894307,0,195.78,22182115733251674491622608903
2021-06-02,894618,0,55.58,53912453518858375111622629625
2021-06-02,894449,1,95.88,85606860982650951831622621227
2021-06-02,895176,1,37.26,31078390370879280221622659773
2021-06-02,894324,0,27.0,44118997965924571651622613552
2021-06-02,894989,0,22.03,89513676450388068761622646855
2021-06-02,894497,1,22.03,179768013407278165091622623109
2021-06-02,894393,1,61.02,20203060086757900001622618660
2021-06-02,894498,0,106.17,41118222642517022511622622389
2021-06-02,894466,0,106.17,
2021-06-02,894591,1,84.31,57556630276296739581622625770
2021-06-02,894425,1,17.24,58956179171090888661622618724
2021-06-02,894943,0,79.54,70117368090292124261622645052
2021-06-02,895212,0,51.84,78004121230611723211622664155
2021-06-02,894313,0,81.6,17122537914930681691622612058
2021-06-02,895335,1,37.48,30018834888498947791622666913
2021-06-02,894852,0,64.83,42891561982803348721622640247
2021-06-02,894688,0,115.5,53458509706658584691622633068
2021-06-02,895062,1,96.57,5910829400205372321622652822
2021-06-02,894458,0,34.57,7083717365957405511622620047
2021-06-02,895253,0,39.46,20483066356452093701622662482
2021-06-02,895228,0,83.54,48910392872105641181622661052
2021-06-02,894550,0,74.17,53435533435511302721622624819
2021-06-02,894537,1,323.01,55571794119218476031622623547
2021-06-02,894706,0,87.4,66204318047923481451622634883
2021-06-02,895186,1,18.23,87253158712128196131622660258
2021-06-02,894494,0,18.37,14383095073843449031622622701
2021-06-02,894846,0,36.07,147136591992272519941622640438
2021-06-02,894419,1,98.55,175257861697918946371622617937
2021-06-02,895118,1,96.78,20024838228124438011622657145
2021-06-02,894862,1,62.97,22155910247994837821622640521
2021-06-02,895087,1,56.02,22236735261736546051622654761
2021-06-02,895005,0,17.91,2289562685616728241622649490
2021-06-02,894278,1,46.58,29589653688453206281622590723
2021-06-02,894477,0,126.85,52722701492965353751622619991
2021-06-02,894912,0,82.58,63516572997852571101622642888
2021-06-02,894375,1,31.92,68944626650557155111622616268
2021-06-02,894297,0,120.58,831389591765647071622605800
2021-06-02,894730,1,29.1,89603763647101609521622635803
2021-06-02,894968,1,105.6,20006292087148109671622645905
2021-06-02,895211,1,33.08,21410326860474343371622660730
2021-06-02,894905,1,26.12,30758065022026911571622643440
2021-06-02,894360,0,8.24,53412905314411512861622616149
2021-06-02,894548,1,246.27,53904811140049324051622624055
2021-06-02,894301,1,95.51,55848097010277217021622609261
2021-06-02,894462,0,43.69,74797579779314989361622621880
2021-06-02,894613,1,21.72,86483218092591802781622629695
2021-06-02,894584,1,95.83,87573907385182024011622625443
2021-06-02,894630,0,132.91,35281898056100724521622629932
2021-06-02,894410,1,167.5,35603488328200488471622619107
2021-06-02,895382,1,37.67,60123303075940589491622670057
2021-06-02,895060,0,69.2,64451082891275360171622649544
2021-06-02,894702,1,37.73,67430216303991451691622631657
2021-06-02,894547,0,22.29,70463493964162008191622623988
2021-06-02,894285,0,34.8,16201589037308103061622602465
2021-06-02,894610,0,44.23,32584363873753708821622626952
2021-06-02,894981,0,36.07,32610483365745682591622646382
2021-06-02,894523,1,77.89,56967306517848575361622624196
2021-06-02,894811,1,57.1,62636683448740040241622638411
2021-06-02,894829,1,72.82,49614554521224195761622637310
2021-06-02,894632,1,15.52,69997713737351651831622628960
2021-06-02,894622,0,56.37,86489900073955722841622628929
2021-06-02,895092,1,38.49,13587412610863428001622654713
2021-06-02,895019,0,47.6,27011872557152125251622650095
2021-06-02,894864,1,54.11,4711133494124246901622641887
2021-06-02,894337,0,43.34,70551713193723114141622614464
2021-06-02,895033,0,21.4,75325480952798411251622650978
2021-06-02,895073,1,49.43,99318990833600375471622650709
2021-06-02,894837,0,13.86,114746759949843942111622640101
2021-06-02,894413,0,46.52,15089921277627469491622619133
2021-06-02,894539,1,85.71,39289929496467856781622623263
2021-06-02,894771,0,32.33,43765579329148081331622637339
2021-06-02,894780,0,15.17,60675272773714234621622637289
2021-06-02,894765,1,23.74,66440578615481109601622635639
2021-06-02,894559,0,111.93,1747811273378854711622623543
2021-06-02,895079,1,102.97,26776635093789147371622654115
2021-06-02,895105,0,66.4,28137367362643934131622656307
2021-06-02,894293,1,35.12,3414783987626168891622608230
2021-06-02,895202,0,10.81,42159505165354168171622661109
2021-06-02,894884,1,70.29,78380039746433483881622642225